input log file location, C:\Users\hotschmoe\Documents\GitHub\specula\results\qualcomm_dissect\prof\clean_part1\qnn-profiling-data_0.log
qnn-profile-viewer version, v2.45.40.260406130939
qnn-net-run version, v2.45.40.260406130939
Backend version, v2.45.40.260406130939
Msg Timestamp, Message, Time, Unit of Measurement, Timing Source, Event Level, Event Identifier
18154497102,INIT,675585,US,NETRUN,ROOT,null
18154497102,INIT,143140,US,BACKEND,ROOT,RPC (load binary) time
18154497102,INIT,142674,US,BACKEND,ROOT,QNN accelerator (load binary) time
18154497102,INIT,14688,US,BACKEND,ROOT,Accelerator (load binary) time
18154497102,INIT,12184,US,BACKEND,ROOT,Accelerator (load binary) time
18154497102,INIT,12185,US,BACKEND,ROOT,Accelerator (load binary) time
18154497102,INIT,17963,US,BACKEND,ROOT,Accelerator (load binary) time
18154497102,INIT,12161,US,BACKEND,ROOT,Accelerator (load binary) time
18154497102,INIT,12179,US,BACKEND,ROOT,Accelerator (load binary) time
18154497102,INIT,17318,US,BACKEND,ROOT,Accelerator (load binary) time
18154497102,INIT,12214,US,BACKEND,ROOT,Accelerator (load binary) time
18154497102,INIT,12188,US,BACKEND,ROOT,Accelerator (load binary) time
18154497102,INIT,17588,US,BACKEND,ROOT,Accelerator (load binary) time
18154497102,INIT,675547,US,BACKEND,ROOT,QNN (load binary) time
0,COMPOSE GRAPHS,0,US,NETRUN,ROOT,null
18156032839,DE-INIT,440105,US,NETRUN,ROOT,null
18156032839,DE-INIT,1662,US,BACKEND,ROOT,RPC (deinit) time
18156032839,DE-INIT,1407,US,BACKEND,ROOT,QNN Accelerator (deinit) time
18156032839,DE-INIT,161,US,BACKEND,ROOT,Accelerator (deinit) time
18156032839,DE-INIT,73,US,BACKEND,ROOT,Accelerator (deinit) time
18156032839,DE-INIT,73,US,BACKEND,ROOT,Accelerator (deinit) time
18156032839,DE-INIT,68,US,BACKEND,ROOT,Accelerator (deinit) time
18156032839,DE-INIT,68,US,BACKEND,ROOT,Accelerator (deinit) time
18156032839,DE-INIT,68,US,BACKEND,ROOT,Accelerator (deinit) time
18156032839,DE-INIT,68,US,BACKEND,ROOT,Accelerator (deinit) time
18156032839,DE-INIT,67,US,BACKEND,ROOT,Accelerator (deinit) time
18156032839,DE-INIT,67,US,BACKEND,ROOT,Accelerator (deinit) time
18156032839,DE-INIT,648,US,BACKEND,ROOT,Accelerator (deinit) time
18156032839,DE-INIT,440093,US,BACKEND,ROOT,QNN (deinit) time
18154513000,EXECUTE,1288,US,NETRUN,ROOT,Graph 0: prompt_ar128_cl512_1_of_4
18154513000,EXECUTE,8,COUNT,BACKEND,ROOT,Number of HVX threads used
18154513000,EXECUTE,1246,US,BACKEND,ROOT,RPC (execute) time
18154513000,EXECUTE,734,US,BACKEND,ROOT,QNN accelerator (execute) time
18154513000,EXECUTE,681,US,BACKEND,ROOT,Accelerator (execute) time
18154513000,EXECUTE,54,US,BACKEND,ROOT,Accelerator (execute excluding wait) time
18154513000,EXECUTE,1280,US,BACKEND,ROOT,QNN (execute) time
18154790571,EXECUTE,108,US,NETRUN,ROOT,Graph 0: prompt_ar128_cl512_1_of_4
18154790571,EXECUTE,8,COUNT,BACKEND,ROOT,Number of HVX threads used
18154790571,EXECUTE,101,US,BACKEND,ROOT,RPC (execute) time
18154790571,EXECUTE,96,US,BACKEND,ROOT,QNN accelerator (execute) time
18154790571,EXECUTE,79,US,BACKEND,ROOT,Accelerator (execute) time
18154790571,EXECUTE,56,US,BACKEND,ROOT,Accelerator (execute excluding wait) time
18154790571,EXECUTE,108,US,BACKEND,ROOT,QNN (execute) time
18154941452,EXECUTE,94,US,NETRUN,ROOT,Graph 0: prompt_ar128_cl512_1_of_4
18154941452,EXECUTE,8,COUNT,BACKEND,ROOT,Number of HVX threads used
18154941452,EXECUTE,73,US,BACKEND,ROOT,RPC (execute) time
18154941452,EXECUTE,68,US,BACKEND,ROOT,QNN accelerator (execute) time
18154941452,EXECUTE,53,US,BACKEND,ROOT,Accelerator (execute) time
18154941452,EXECUTE,37,US,BACKEND,ROOT,Accelerator (execute excluding wait) time
18154941452,EXECUTE,92,US,BACKEND,ROOT,QNN (execute) time
18155092335,EXECUTE,144,US,NETRUN,ROOT,Graph 0: prompt_ar128_cl512_1_of_4
18155092335,EXECUTE,8,COUNT,BACKEND,ROOT,Number of HVX threads used
18155092335,EXECUTE,75,US,BACKEND,ROOT,RPC (execute) time
18155092335,EXECUTE,68,US,BACKEND,ROOT,QNN accelerator (execute) time
18155092335,EXECUTE,54,US,BACKEND,ROOT,Accelerator (execute) time
18155092335,EXECUTE,37,US,BACKEND,ROOT,Accelerator (execute excluding wait) time
18155092335,EXECUTE,137,US,BACKEND,ROOT,QNN (execute) time
18155247485,EXECUTE,103,US,NETRUN,ROOT,Graph 0: prompt_ar128_cl512_1_of_4
18155247485,EXECUTE,8,COUNT,BACKEND,ROOT,Number of HVX threads used
18155247485,EXECUTE,78,US,BACKEND,ROOT,RPC (execute) time
18155247485,EXECUTE,71,US,BACKEND,ROOT,QNN accelerator (execute) time
18155247485,EXECUTE,57,US,BACKEND,ROOT,Accelerator (execute) time
18155247485,EXECUTE,39,US,BACKEND,ROOT,Accelerator (execute excluding wait) time
18155247485,EXECUTE,98,US,BACKEND,ROOT,QNN (execute) time
18155399525,EXECUTE,86,US,NETRUN,ROOT,Graph 0: prompt_ar128_cl512_1_of_4
18155399525,EXECUTE,8,COUNT,BACKEND,ROOT,Number of HVX threads used
18155399525,EXECUTE,74,US,BACKEND,ROOT,RPC (execute) time
18155399525,EXECUTE,69,US,BACKEND,ROOT,QNN accelerator (execute) time
18155399525,EXECUTE,54,US,BACKEND,ROOT,Accelerator (execute) time
18155399525,EXECUTE,37,US,BACKEND,ROOT,Accelerator (execute excluding wait) time
18155399525,EXECUTE,85,US,BACKEND,ROOT,QNN (execute) time
18154560763,EXECUTE,254,US,NETRUN,ROOT,Graph 1: token_ar1_cl512_1_of_4
18154560763,EXECUTE,8,COUNT,BACKEND,ROOT,Number of HVX threads used
18154560763,EXECUTE,221,US,BACKEND,ROOT,RPC (execute) time
18154560763,EXECUTE,63,US,BACKEND,ROOT,QNN accelerator (execute) time
18154560763,EXECUTE,44,US,BACKEND,ROOT,Accelerator (execute) time
18154560763,EXECUTE,3,US,BACKEND,ROOT,Accelerator (execute excluding wait) time
18154560763,EXECUTE,251,US,BACKEND,ROOT,QNN (execute) time
18154818905,EXECUTE,157,US,NETRUN,ROOT,Graph 1: token_ar1_cl512_1_of_4
18154818905,EXECUTE,8,COUNT,BACKEND,ROOT,Number of HVX threads used
18154818905,EXECUTE,118,US,BACKEND,ROOT,RPC (execute) time
18154818905,EXECUTE,46,US,BACKEND,ROOT,QNN accelerator (execute) time
18154818905,EXECUTE,29,US,BACKEND,ROOT,Accelerator (execute) time
18154818905,EXECUTE,3,US,BACKEND,ROOT,Accelerator (execute excluding wait) time
18154818905,EXECUTE,147,US,BACKEND,ROOT,QNN (execute) time
18154969475,EXECUTE,119,US,NETRUN,ROOT,Graph 1: token_ar1_cl512_1_of_4
18154969475,EXECUTE,8,COUNT,BACKEND,ROOT,Number of HVX threads used
18154969475,EXECUTE,109,US,BACKEND,ROOT,RPC (execute) time
18154969475,EXECUTE,36,US,BACKEND,ROOT,QNN accelerator (execute) time
18154969475,EXECUTE,22,US,BACKEND,ROOT,Accelerator (execute) time
18154969475,EXECUTE,3,US,BACKEND,ROOT,Accelerator (execute excluding wait) time
18154969475,EXECUTE,117,US,BACKEND,ROOT,QNN (execute) time
18155121014,EXECUTE,529,US,NETRUN,ROOT,Graph 1: token_ar1_cl512_1_of_4
18155121014,EXECUTE,8,COUNT,BACKEND,ROOT,Number of HVX threads used
18155121014,EXECUTE,516,US,BACKEND,ROOT,RPC (execute) time
18155121014,EXECUTE,359,US,BACKEND,ROOT,QNN accelerator (execute) time
18155121014,EXECUTE,345,US,BACKEND,ROOT,Accelerator (execute) time
18155121014,EXECUTE,4,US,BACKEND,ROOT,Accelerator (execute excluding wait) time
18155121014,EXECUTE,525,US,BACKEND,ROOT,QNN (execute) time
18155276251,EXECUTE,171,US,NETRUN,ROOT,Graph 1: token_ar1_cl512_1_of_4
18155276251,EXECUTE,8,COUNT,BACKEND,ROOT,Number of HVX threads used
18155276251,EXECUTE,149,US,BACKEND,ROOT,RPC (execute) time
18155276251,EXECUTE,35,US,BACKEND,ROOT,QNN accelerator (execute) time
18155276251,EXECUTE,20,US,BACKEND,ROOT,Accelerator (execute) time
18155276251,EXECUTE,3,US,BACKEND,ROOT,Accelerator (execute excluding wait) time
18155276251,EXECUTE,163,US,BACKEND,ROOT,QNN (execute) time
18155427699,EXECUTE,169,US,NETRUN,ROOT,Graph 1: token_ar1_cl512_1_of_4
18155427699,EXECUTE,8,COUNT,BACKEND,ROOT,Number of HVX threads used
18155427699,EXECUTE,155,US,BACKEND,ROOT,RPC (execute) time
18155427699,EXECUTE,34,US,BACKEND,ROOT,QNN accelerator (execute) time
18155427699,EXECUTE,21,US,BACKEND,ROOT,Accelerator (execute) time
18155427699,EXECUTE,3,US,BACKEND,ROOT,Accelerator (execute excluding wait) time
18155427699,EXECUTE,166,US,BACKEND,ROOT,QNN (execute) time
18154581677,EXECUTE,315,US,NETRUN,ROOT,Graph 2: prompt_ar128_cl1024_1_of_4
18154581677,EXECUTE,8,COUNT,BACKEND,ROOT,Number of HVX threads used
18154581677,EXECUTE,277,US,BACKEND,ROOT,RPC (execute) time
18154581677,EXECUTE,189,US,BACKEND,ROOT,QNN accelerator (execute) time
18154581677,EXECUTE,147,US,BACKEND,ROOT,Accelerator (execute) time
18154581677,EXECUTE,52,US,BACKEND,ROOT,Accelerator (execute excluding wait) time
18154581677,EXECUTE,310,US,BACKEND,ROOT,QNN (execute) time
18154820016,EXECUTE,117,US,NETRUN,ROOT,Graph 2: prompt_ar128_cl1024_1_of_4
18154820016,EXECUTE,8,COUNT,BACKEND,ROOT,Number of HVX threads used
18154820016,EXECUTE,100,US,BACKEND,ROOT,RPC (execute) time
18154820016,EXECUTE,93,US,BACKEND,ROOT,QNN accelerator (execute) time
18154820016,EXECUTE,79,US,BACKEND,ROOT,Accelerator (execute) time
18154820016,EXECUTE,56,US,BACKEND,ROOT,Accelerator (execute excluding wait) time
18154820016,EXECUTE,114,US,BACKEND,ROOT,QNN (execute) time
18154970049,EXECUTE,82,US,NETRUN,ROOT,Graph 2: prompt_ar128_cl1024_1_of_4
18154970049,EXECUTE,8,COUNT,BACKEND,ROOT,Number of HVX threads used
18154970049,EXECUTE,74,US,BACKEND,ROOT,RPC (execute) time
18154970049,EXECUTE,69,US,BACKEND,ROOT,QNN accelerator (execute) time
18154970049,EXECUTE,56,US,BACKEND,ROOT,Accelerator (execute) time
18154970049,EXECUTE,40,US,BACKEND,ROOT,Accelerator (execute excluding wait) time
18154970049,EXECUTE,80,US,BACKEND,ROOT,QNN (execute) time
18155123872,EXECUTE,137,US,NETRUN,ROOT,Graph 2: prompt_ar128_cl1024_1_of_4
18155123872,EXECUTE,8,COUNT,BACKEND,ROOT,Number of HVX threads used
18155123872,EXECUTE,80,US,BACKEND,ROOT,RPC (execute) time
18155123872,EXECUTE,71,US,BACKEND,ROOT,QNN accelerator (execute) time
18155123872,EXECUTE,58,US,BACKEND,ROOT,Accelerator (execute) time
18155123872,EXECUTE,41,US,BACKEND,ROOT,Accelerator (execute excluding wait) time
18155123872,EXECUTE,125,US,BACKEND,ROOT,QNN (execute) time
18155278571,EXECUTE,99,US,NETRUN,ROOT,Graph 2: prompt_ar128_cl1024_1_of_4
18155278571,EXECUTE,8,COUNT,BACKEND,ROOT,Number of HVX threads used
18155278571,EXECUTE,75,US,BACKEND,ROOT,RPC (execute) time
18155278571,EXECUTE,68,US,BACKEND,ROOT,QNN accelerator (execute) time
18155278571,EXECUTE,55,US,BACKEND,ROOT,Accelerator (execute) time
18155278571,EXECUTE,38,US,BACKEND,ROOT,Accelerator (execute excluding wait) time
18155278571,EXECUTE,94,US,BACKEND,ROOT,QNN (execute) time
18155429501,EXECUTE,80,US,NETRUN,ROOT,Graph 2: prompt_ar128_cl1024_1_of_4
18155429501,EXECUTE,8,COUNT,BACKEND,ROOT,Number of HVX threads used
18155429501,EXECUTE,73,US,BACKEND,ROOT,RPC (execute) time
18155429501,EXECUTE,67,US,BACKEND,ROOT,QNN accelerator (execute) time
18155429501,EXECUTE,54,US,BACKEND,ROOT,Accelerator (execute) time
18155429501,EXECUTE,38,US,BACKEND,ROOT,Accelerator (execute excluding wait) time
18155429501,EXECUTE,79,US,BACKEND,ROOT,QNN (execute) time
18154627278,EXECUTE,309,US,NETRUN,ROOT,Graph 3: token_ar1_cl1024_1_of_4
18154627278,EXECUTE,8,COUNT,BACKEND,ROOT,Number of HVX threads used
18154627278,EXECUTE,274,US,BACKEND,ROOT,RPC (execute) time
18154627278,EXECUTE,47,US,BACKEND,ROOT,QNN accelerator (execute) time
18154627278,EXECUTE,31,US,BACKEND,ROOT,Accelerator (execute) time
18154627278,EXECUTE,3,US,BACKEND,ROOT,Accelerator (execute excluding wait) time
18154627278,EXECUTE,305,US,BACKEND,ROOT,QNN (execute) time
18154847960,EXECUTE,159,US,NETRUN,ROOT,Graph 3: token_ar1_cl1024_1_of_4
18154847960,EXECUTE,8,COUNT,BACKEND,ROOT,Number of HVX threads used
18154847960,EXECUTE,127,US,BACKEND,ROOT,RPC (execute) time
18154847960,EXECUTE,42,US,BACKEND,ROOT,QNN accelerator (execute) time
18154847960,EXECUTE,26,US,BACKEND,ROOT,Accelerator (execute) time
18154847960,EXECUTE,3,US,BACKEND,ROOT,Accelerator (execute excluding wait) time
18154847960,EXECUTE,150,US,BACKEND,ROOT,QNN (execute) time
18154999426,EXECUTE,194,US,NETRUN,ROOT,Graph 3: token_ar1_cl1024_1_of_4
18154999426,EXECUTE,8,COUNT,BACKEND,ROOT,Number of HVX threads used
18154999426,EXECUTE,175,US,BACKEND,ROOT,RPC (execute) time
18154999426,EXECUTE,36,US,BACKEND,ROOT,QNN accelerator (execute) time
18154999426,EXECUTE,22,US,BACKEND,ROOT,Accelerator (execute) time
18154999426,EXECUTE,2,US,BACKEND,ROOT,Accelerator (execute excluding wait) time
18154999426,EXECUTE,190,US,BACKEND,ROOT,QNN (execute) time
18155151906,EXECUTE,169,US,NETRUN,ROOT,Graph 3: token_ar1_cl1024_1_of_4
18155151906,EXECUTE,8,COUNT,BACKEND,ROOT,Number of HVX threads used
18155151906,EXECUTE,140,US,BACKEND,ROOT,RPC (execute) time
18155151906,EXECUTE,36,US,BACKEND,ROOT,QNN accelerator (execute) time
18155151906,EXECUTE,23,US,BACKEND,ROOT,Accelerator (execute) time
18155151906,EXECUTE,2,US,BACKEND,ROOT,Accelerator (execute excluding wait) time
18155151906,EXECUTE,162,US,BACKEND,ROOT,QNN (execute) time
18155306598,EXECUTE,132,US,NETRUN,ROOT,Graph 3: token_ar1_cl1024_1_of_4
18155306598,EXECUTE,8,COUNT,BACKEND,ROOT,Number of HVX threads used
18155306598,EXECUTE,121,US,BACKEND,ROOT,RPC (execute) time
18155306598,EXECUTE,36,US,BACKEND,ROOT,QNN accelerator (execute) time
18155306598,EXECUTE,23,US,BACKEND,ROOT,Accelerator (execute) time
18155306598,EXECUTE,2,US,BACKEND,ROOT,Accelerator (execute excluding wait) time
18155306598,EXECUTE,130,US,BACKEND,ROOT,QNN (execute) time
18155458295,EXECUTE,146,US,NETRUN,ROOT,Graph 3: token_ar1_cl1024_1_of_4
18155458295,EXECUTE,8,COUNT,BACKEND,ROOT,Number of HVX threads used
18155458295,EXECUTE,135,US,BACKEND,ROOT,RPC (execute) time
18155458295,EXECUTE,36,US,BACKEND,ROOT,QNN accelerator (execute) time
18155458295,EXECUTE,23,US,BACKEND,ROOT,Accelerator (execute) time
18155458295,EXECUTE,2,US,BACKEND,ROOT,Accelerator (execute excluding wait) time
18155458295,EXECUTE,144,US,BACKEND,ROOT,QNN (execute) time
18154648133,EXECUTE,352,US,NETRUN,ROOT,Graph 4: prompt_ar128_cl2048_1_of_4
18154648133,EXECUTE,8,COUNT,BACKEND,ROOT,Number of HVX threads used
18154648133,EXECUTE,332,US,BACKEND,ROOT,RPC (execute) time
18154648133,EXECUTE,189,US,BACKEND,ROOT,QNN accelerator (execute) time
18154648133,EXECUTE,148,US,BACKEND,ROOT,Accelerator (execute) time
18154648133,EXECUTE,51,US,BACKEND,ROOT,Accelerator (execute excluding wait) time
18154648133,EXECUTE,350,US,BACKEND,ROOT,QNN (execute) time
18154850313,EXECUTE,108,US,NETRUN,ROOT,Graph 4: prompt_ar128_cl2048_1_of_4
18154850313,EXECUTE,8,COUNT,BACKEND,ROOT,Number of HVX threads used
18154850313,EXECUTE,98,US,BACKEND,ROOT,RPC (execute) time
18154850313,EXECUTE,92,US,BACKEND,ROOT,QNN accelerator (execute) time
18154850313,EXECUTE,76,US,BACKEND,ROOT,Accelerator (execute) time
18154850313,EXECUTE,55,US,BACKEND,ROOT,Accelerator (execute excluding wait) time
18154850313,EXECUTE,105,US,BACKEND,ROOT,QNN (execute) time
18155000093,EXECUTE,88,US,NETRUN,ROOT,Graph 4: prompt_ar128_cl2048_1_of_4
18155000093,EXECUTE,8,COUNT,BACKEND,ROOT,Number of HVX threads used
18155000093,EXECUTE,73,US,BACKEND,ROOT,RPC (execute) time
18155000093,EXECUTE,67,US,BACKEND,ROOT,QNN accelerator (execute) time
18155000093,EXECUTE,55,US,BACKEND,ROOT,Accelerator (execute) time
18155000093,EXECUTE,38,US,BACKEND,ROOT,Accelerator (execute excluding wait) time
18155000093,EXECUTE,85,US,BACKEND,ROOT,QNN (execute) time
18155154186,EXECUTE,89,US,NETRUN,ROOT,Graph 4: prompt_ar128_cl2048_1_of_4
18155154186,EXECUTE,8,COUNT,BACKEND,ROOT,Number of HVX threads used
18155154186,EXECUTE,76,US,BACKEND,ROOT,RPC (execute) time
18155154186,EXECUTE,69,US,BACKEND,ROOT,QNN accelerator (execute) time
18155154186,EXECUTE,56,US,BACKEND,ROOT,Accelerator (execute) time
18155154186,EXECUTE,40,US,BACKEND,ROOT,Accelerator (execute excluding wait) time
18155154186,EXECUTE,85,US,BACKEND,ROOT,QNN (execute) time
18155308658,EXECUTE,81,US,NETRUN,ROOT,Graph 4: prompt_ar128_cl2048_1_of_4
18155308658,EXECUTE,8,COUNT,BACKEND,ROOT,Number of HVX threads used
18155308658,EXECUTE,73,US,BACKEND,ROOT,RPC (execute) time
18155308658,EXECUTE,67,US,BACKEND,ROOT,QNN accelerator (execute) time
18155308658,EXECUTE,54,US,BACKEND,ROOT,Accelerator (execute) time
18155308658,EXECUTE,37,US,BACKEND,ROOT,Accelerator (execute excluding wait) time
18155308658,EXECUTE,79,US,BACKEND,ROOT,QNN (execute) time
18155469740,EXECUTE,116,US,NETRUN,ROOT,Graph 4: prompt_ar128_cl2048_1_of_4
18155469740,EXECUTE,8,COUNT,BACKEND,ROOT,Number of HVX threads used
18155469740,EXECUTE,76,US,BACKEND,ROOT,RPC (execute) time
18155469740,EXECUTE,67,US,BACKEND,ROOT,QNN accelerator (execute) time
18155469740,EXECUTE,54,US,BACKEND,ROOT,Accelerator (execute) time
18155469740,EXECUTE,38,US,BACKEND,ROOT,Accelerator (execute excluding wait) time
18155469740,EXECUTE,106,US,BACKEND,ROOT,QNN (execute) time
18154678052,EXECUTE,165,US,NETRUN,ROOT,Graph 5: token_ar1_cl2048_1_of_4
18154678052,EXECUTE,8,COUNT,BACKEND,ROOT,Number of HVX threads used
18154678052,EXECUTE,126,US,BACKEND,ROOT,RPC (execute) time
18154678052,EXECUTE,50,US,BACKEND,ROOT,QNN accelerator (execute) time
18154678052,EXECUTE,31,US,BACKEND,ROOT,Accelerator (execute) time
18154678052,EXECUTE,3,US,BACKEND,ROOT,Accelerator (execute excluding wait) time
18154678052,EXECUTE,160,US,BACKEND,ROOT,QNN (execute) time
18154878295,EXECUTE,134,US,NETRUN,ROOT,Graph 5: token_ar1_cl2048_1_of_4
18154878295,EXECUTE,8,COUNT,BACKEND,ROOT,Number of HVX threads used
18154878295,EXECUTE,125,US,BACKEND,ROOT,RPC (execute) time
18154878295,EXECUTE,40,US,BACKEND,ROOT,QNN accelerator (execute) time
18154878295,EXECUTE,26,US,BACKEND,ROOT,Accelerator (execute) time
18154878295,EXECUTE,3,US,BACKEND,ROOT,Accelerator (execute excluding wait) time
18154878295,EXECUTE,132,US,BACKEND,ROOT,QNN (execute) time
18155030528,EXECUTE,154,US,NETRUN,ROOT,Graph 5: token_ar1_cl2048_1_of_4
18155030528,EXECUTE,8,COUNT,BACKEND,ROOT,Number of HVX threads used
18155030528,EXECUTE,130,US,BACKEND,ROOT,RPC (execute) time
18155030528,EXECUTE,34,US,BACKEND,ROOT,QNN accelerator (execute) time
18155030528,EXECUTE,20,US,BACKEND,ROOT,Accelerator (execute) time
18155030528,EXECUTE,2,US,BACKEND,ROOT,Accelerator (execute excluding wait) time
18155030528,EXECUTE,151,US,BACKEND,ROOT,QNN (execute) time
18155182140,EXECUTE,179,US,NETRUN,ROOT,Graph 5: token_ar1_cl2048_1_of_4
18155182140,EXECUTE,8,COUNT,BACKEND,ROOT,Number of HVX threads used
18155182140,EXECUTE,168,US,BACKEND,ROOT,RPC (execute) time
18155182140,EXECUTE,34,US,BACKEND,ROOT,QNN accelerator (execute) time
18155182140,EXECUTE,20,US,BACKEND,ROOT,Accelerator (execute) time
18155182140,EXECUTE,2,US,BACKEND,ROOT,Accelerator (execute excluding wait) time
18155182140,EXECUTE,176,US,BACKEND,ROOT,QNN (execute) time
18155336695,EXECUTE,193,US,NETRUN,ROOT,Graph 5: token_ar1_cl2048_1_of_4
18155336695,EXECUTE,8,COUNT,BACKEND,ROOT,Number of HVX threads used
18155336695,EXECUTE,167,US,BACKEND,ROOT,RPC (execute) time
18155336695,EXECUTE,34,US,BACKEND,ROOT,QNN accelerator (execute) time
18155336695,EXECUTE,20,US,BACKEND,ROOT,Accelerator (execute) time
18155336695,EXECUTE,2,US,BACKEND,ROOT,Accelerator (execute excluding wait) time
18155336695,EXECUTE,187,US,BACKEND,ROOT,QNN (execute) time
18155497984,EXECUTE,126,US,NETRUN,ROOT,Graph 5: token_ar1_cl2048_1_of_4
18155497984,EXECUTE,8,COUNT,BACKEND,ROOT,Number of HVX threads used
18155497984,EXECUTE,107,US,BACKEND,ROOT,RPC (execute) time
18155497984,EXECUTE,34,US,BACKEND,ROOT,QNN accelerator (execute) time
18155497984,EXECUTE,19,US,BACKEND,ROOT,Accelerator (execute) time
18155497984,EXECUTE,2,US,BACKEND,ROOT,Accelerator (execute excluding wait) time
18155497984,EXECUTE,121,US,BACKEND,ROOT,QNN (execute) time
18154699015,EXECUTE,297,US,NETRUN,ROOT,Graph 6: prompt_ar128_cl3072_1_of_4
18154699015,EXECUTE,8,COUNT,BACKEND,ROOT,Number of HVX threads used
18154699015,EXECUTE,282,US,BACKEND,ROOT,RPC (execute) time
18154699015,EXECUTE,188,US,BACKEND,ROOT,QNN accelerator (execute) time
18154699015,EXECUTE,145,US,BACKEND,ROOT,Accelerator (execute) time
18154699015,EXECUTE,51,US,BACKEND,ROOT,Accelerator (execute excluding wait) time
18154699015,EXECUTE,295,US,BACKEND,ROOT,QNN (execute) time
18154880370,EXECUTE,130,US,NETRUN,ROOT,Graph 6: prompt_ar128_cl3072_1_of_4
18154880370,EXECUTE,8,COUNT,BACKEND,ROOT,Number of HVX threads used
18154880370,EXECUTE,105,US,BACKEND,ROOT,RPC (execute) time
18154880370,EXECUTE,98,US,BACKEND,ROOT,QNN accelerator (execute) time
18154880370,EXECUTE,81,US,BACKEND,ROOT,Accelerator (execute) time
18154880370,EXECUTE,57,US,BACKEND,ROOT,Accelerator (execute excluding wait) time
18154880370,EXECUTE,125,US,BACKEND,ROOT,QNN (execute) time
18155031149,EXECUTE,88,US,NETRUN,ROOT,Graph 6: prompt_ar128_cl3072_1_of_4
18155031149,EXECUTE,8,COUNT,BACKEND,ROOT,Number of HVX threads used
18155031149,EXECUTE,80,US,BACKEND,ROOT,RPC (execute) time
18155031149,EXECUTE,74,US,BACKEND,ROOT,QNN accelerator (execute) time
18155031149,EXECUTE,60,US,BACKEND,ROOT,Accelerator (execute) time
18155031149,EXECUTE,41,US,BACKEND,ROOT,Accelerator (execute excluding wait) time
18155031149,EXECUTE,86,US,BACKEND,ROOT,QNN (execute) time
18155183571,EXECUTE,125,US,NETRUN,ROOT,Graph 6: prompt_ar128_cl3072_1_of_4
18155183571,EXECUTE,8,COUNT,BACKEND,ROOT,Number of HVX threads used
18155183571,EXECUTE,83,US,BACKEND,ROOT,RPC (execute) time
18155183571,EXECUTE,74,US,BACKEND,ROOT,QNN accelerator (execute) time
18155183571,EXECUTE,60,US,BACKEND,ROOT,Accelerator (execute) time
18155183571,EXECUTE,41,US,BACKEND,ROOT,Accelerator (execute excluding wait) time
18155183571,EXECUTE,114,US,BACKEND,ROOT,QNN (execute) time
18155339106,EXECUTE,106,US,NETRUN,ROOT,Graph 6: prompt_ar128_cl3072_1_of_4
18155339106,EXECUTE,8,COUNT,BACKEND,ROOT,Number of HVX threads used
18155339106,EXECUTE,95,US,BACKEND,ROOT,RPC (execute) time
18155339106,EXECUTE,70,US,BACKEND,ROOT,QNN accelerator (execute) time
18155339106,EXECUTE,57,US,BACKEND,ROOT,Accelerator (execute) time
18155339106,EXECUTE,39,US,BACKEND,ROOT,Accelerator (execute excluding wait) time
18155339106,EXECUTE,104,US,BACKEND,ROOT,QNN (execute) time
18155506095,EXECUTE,93,US,NETRUN,ROOT,Graph 6: prompt_ar128_cl3072_1_of_4
18155506095,EXECUTE,8,COUNT,BACKEND,ROOT,Number of HVX threads used
18155506095,EXECUTE,77,US,BACKEND,ROOT,RPC (execute) time
18155506095,EXECUTE,71,US,BACKEND,ROOT,QNN accelerator (execute) time
18155506095,EXECUTE,56,US,BACKEND,ROOT,Accelerator (execute) time
18155506095,EXECUTE,40,US,BACKEND,ROOT,Accelerator (execute excluding wait) time
18155506095,EXECUTE,90,US,BACKEND,ROOT,QNN (execute) time
18154729689,EXECUTE,165,US,NETRUN,ROOT,Graph 7: token_ar1_cl3072_1_of_4
18154729689,EXECUTE,8,COUNT,BACKEND,ROOT,Number of HVX threads used
18154729689,EXECUTE,146,US,BACKEND,ROOT,RPC (execute) time
18154729689,EXECUTE,47,US,BACKEND,ROOT,QNN accelerator (execute) time
18154729689,EXECUTE,32,US,BACKEND,ROOT,Accelerator (execute) time
18154729689,EXECUTE,3,US,BACKEND,ROOT,Accelerator (execute excluding wait) time
18154729689,EXECUTE,163,US,BACKEND,ROOT,QNN (execute) time
18154908647,EXECUTE,171,US,NETRUN,ROOT,Graph 7: token_ar1_cl3072_1_of_4
18154908647,EXECUTE,8,COUNT,BACKEND,ROOT,Number of HVX threads used
18154908647,EXECUTE,149,US,BACKEND,ROOT,RPC (execute) time
18154908647,EXECUTE,40,US,BACKEND,ROOT,QNN accelerator (execute) time
18154908647,EXECUTE,26,US,BACKEND,ROOT,Accelerator (execute) time
18154908647,EXECUTE,3,US,BACKEND,ROOT,Accelerator (execute excluding wait) time
18154908647,EXECUTE,167,US,BACKEND,ROOT,QNN (execute) time
18155060411,EXECUTE,161,US,NETRUN,ROOT,Graph 7: token_ar1_cl3072_1_of_4
18155060411,EXECUTE,8,COUNT,BACKEND,ROOT,Number of HVX threads used
18155060411,EXECUTE,150,US,BACKEND,ROOT,RPC (execute) time
18155060411,EXECUTE,33,US,BACKEND,ROOT,QNN accelerator (execute) time
18155060411,EXECUTE,19,US,BACKEND,ROOT,Accelerator (execute) time
18155060411,EXECUTE,2,US,BACKEND,ROOT,Accelerator (execute excluding wait) time
18155060411,EXECUTE,159,US,BACKEND,ROOT,QNN (execute) time
18155212015,EXECUTE,180,US,NETRUN,ROOT,Graph 7: token_ar1_cl3072_1_of_4
18155212015,EXECUTE,8,COUNT,BACKEND,ROOT,Number of HVX threads used
18155212015,EXECUTE,164,US,BACKEND,ROOT,RPC (execute) time
18155212015,EXECUTE,35,US,BACKEND,ROOT,QNN accelerator (execute) time
18155212015,EXECUTE,20,US,BACKEND,ROOT,Accelerator (execute) time
18155212015,EXECUTE,2,US,BACKEND,ROOT,Accelerator (execute excluding wait) time
18155212015,EXECUTE,177,US,BACKEND,ROOT,QNN (execute) time
18155366821,EXECUTE,179,US,NETRUN,ROOT,Graph 7: token_ar1_cl3072_1_of_4
18155366821,EXECUTE,8,COUNT,BACKEND,ROOT,Number of HVX threads used
18155366821,EXECUTE,166,US,BACKEND,ROOT,RPC (execute) time
18155366821,EXECUTE,33,US,BACKEND,ROOT,QNN accelerator (execute) time
18155366821,EXECUTE,20,US,BACKEND,ROOT,Accelerator (execute) time
18155366821,EXECUTE,2,US,BACKEND,ROOT,Accelerator (execute excluding wait) time
18155366821,EXECUTE,178,US,BACKEND,ROOT,QNN (execute) time
18155534058,EXECUTE,118,US,NETRUN,ROOT,Graph 7: token_ar1_cl3072_1_of_4
18155534058,EXECUTE,8,COUNT,BACKEND,ROOT,Number of HVX threads used
18155534058,EXECUTE,107,US,BACKEND,ROOT,RPC (execute) time
18155534058,EXECUTE,32,US,BACKEND,ROOT,QNN accelerator (execute) time
18155534058,EXECUTE,19,US,BACKEND,ROOT,Accelerator (execute) time
18155534058,EXECUTE,2,US,BACKEND,ROOT,Accelerator (execute excluding wait) time
18155534058,EXECUTE,116,US,BACKEND,ROOT,QNN (execute) time
18154750822,EXECUTE,433,US,NETRUN,ROOT,Graph 8: prompt_ar128_cl4096_1_of_4
18154750822,EXECUTE,8,COUNT,BACKEND,ROOT,Number of HVX threads used
18154750822,EXECUTE,412,US,BACKEND,ROOT,RPC (execute) time
18154750822,EXECUTE,208,US,BACKEND,ROOT,QNN accelerator (execute) time
18154750822,EXECUTE,154,US,BACKEND,ROOT,Accelerator (execute) time
18154750822,EXECUTE,54,US,BACKEND,ROOT,Accelerator (execute excluding wait) time
18154750822,EXECUTE,431,US,BACKEND,ROOT,QNN (execute) time
18154910817,EXECUTE,107,US,NETRUN,ROOT,Graph 8: prompt_ar128_cl4096_1_of_4
18154910817,EXECUTE,8,COUNT,BACKEND,ROOT,Number of HVX threads used
18154910817,EXECUTE,89,US,BACKEND,ROOT,RPC (execute) time
18154910817,EXECUTE,70,US,BACKEND,ROOT,QNN accelerator (execute) time
18154910817,EXECUTE,55,US,BACKEND,ROOT,Accelerator (execute) time
18154910817,EXECUTE,37,US,BACKEND,ROOT,Accelerator (execute excluding wait) time
18154910817,EXECUTE,104,US,BACKEND,ROOT,QNN (execute) time
18155061080,EXECUTE,84,US,NETRUN,ROOT,Graph 8: prompt_ar128_cl4096_1_of_4
18155061080,EXECUTE,8,COUNT,BACKEND,ROOT,Number of HVX threads used
18155061080,EXECUTE,76,US,BACKEND,ROOT,RPC (execute) time
18155061080,EXECUTE,70,US,BACKEND,ROOT,QNN accelerator (execute) time
18155061080,EXECUTE,57,US,BACKEND,ROOT,Accelerator (execute) time
18155061080,EXECUTE,38,US,BACKEND,ROOT,Accelerator (execute excluding wait) time
18155061080,EXECUTE,82,US,BACKEND,ROOT,QNN (execute) time
18155214840,EXECUTE,125,US,NETRUN,ROOT,Graph 8: prompt_ar128_cl4096_1_of_4
18155214840,EXECUTE,8,COUNT,BACKEND,ROOT,Number of HVX threads used
18155214840,EXECUTE,82,US,BACKEND,ROOT,RPC (execute) time
18155214840,EXECUTE,73,US,BACKEND,ROOT,QNN accelerator (execute) time
18155214840,EXECUTE,59,US,BACKEND,ROOT,Accelerator (execute) time
18155214840,EXECUTE,39,US,BACKEND,ROOT,Accelerator (execute excluding wait) time
18155214840,EXECUTE,113,US,BACKEND,ROOT,QNN (execute) time
18155369009,EXECUTE,132,US,NETRUN,ROOT,Graph 8: prompt_ar128_cl4096_1_of_4
18155369009,EXECUTE,8,COUNT,BACKEND,ROOT,Number of HVX threads used
18155369009,EXECUTE,79,US,BACKEND,ROOT,RPC (execute) time
18155369009,EXECUTE,71,US,BACKEND,ROOT,QNN accelerator (execute) time
18155369009,EXECUTE,56,US,BACKEND,ROOT,Accelerator (execute) time
18155369009,EXECUTE,38,US,BACKEND,ROOT,Accelerator (execute excluding wait) time
18155369009,EXECUTE,126,US,BACKEND,ROOT,QNN (execute) time
18155538340,EXECUTE,85,US,NETRUN,ROOT,Graph 8: prompt_ar128_cl4096_1_of_4
18155538340,EXECUTE,8,COUNT,BACKEND,ROOT,Number of HVX threads used
18155538340,EXECUTE,77,US,BACKEND,ROOT,RPC (execute) time
18155538340,EXECUTE,71,US,BACKEND,ROOT,QNN accelerator (execute) time
18155538340,EXECUTE,56,US,BACKEND,ROOT,Accelerator (execute) time
18155538340,EXECUTE,37,US,BACKEND,ROOT,Accelerator (execute excluding wait) time
18155538340,EXECUTE,83,US,BACKEND,ROOT,QNN (execute) time
18154788509,EXECUTE,146,US,NETRUN,ROOT,Graph 9: token_ar1_cl4096_1_of_4
18154788509,EXECUTE,8,COUNT,BACKEND,ROOT,Number of HVX threads used
18154788509,EXECUTE,127,US,BACKEND,ROOT,RPC (execute) time
18154788509,EXECUTE,48,US,BACKEND,ROOT,QNN accelerator (execute) time
18154788509,EXECUTE,32,US,BACKEND,ROOT,Accelerator (execute) time
18154788509,EXECUTE,3,US,BACKEND,ROOT,Accelerator (execute excluding wait) time
18154788509,EXECUTE,145,US,BACKEND,ROOT,QNN (execute) time
18154939002,EXECUTE,169,US,NETRUN,ROOT,Graph 9: token_ar1_cl4096_1_of_4
18154939002,EXECUTE,8,COUNT,BACKEND,ROOT,Number of HVX threads used
18154939002,EXECUTE,120,US,BACKEND,ROOT,RPC (execute) time
18154939002,EXECUTE,32,US,BACKEND,ROOT,QNN accelerator (execute) time
18154939002,EXECUTE,19,US,BACKEND,ROOT,Accelerator (execute) time
18154939002,EXECUTE,2,US,BACKEND,ROOT,Accelerator (execute excluding wait) time
18154939002,EXECUTE,160,US,BACKEND,ROOT,QNN (execute) time
18155090412,EXECUTE,172,US,NETRUN,ROOT,Graph 9: token_ar1_cl4096_1_of_4
18155090412,EXECUTE,8,COUNT,BACKEND,ROOT,Number of HVX threads used
18155090412,EXECUTE,164,US,BACKEND,ROOT,RPC (execute) time
18155090412,EXECUTE,33,US,BACKEND,ROOT,QNN accelerator (execute) time
18155090412,EXECUTE,18,US,BACKEND,ROOT,Accelerator (execute) time
18155090412,EXECUTE,2,US,BACKEND,ROOT,Accelerator (execute excluding wait) time
18155090412,EXECUTE,172,US,BACKEND,ROOT,QNN (execute) time
18155244668,EXECUTE,198,US,NETRUN,ROOT,Graph 9: token_ar1_cl4096_1_of_4
18155244668,EXECUTE,8,COUNT,BACKEND,ROOT,Number of HVX threads used
18155244668,EXECUTE,133,US,BACKEND,ROOT,RPC (execute) time
18155244668,EXECUTE,35,US,BACKEND,ROOT,QNN accelerator (execute) time
18155244668,EXECUTE,21,US,BACKEND,ROOT,Accelerator (execute) time
18155244668,EXECUTE,2,US,BACKEND,ROOT,Accelerator (execute excluding wait) time
18155244668,EXECUTE,187,US,BACKEND,ROOT,QNN (execute) time
18155397494,EXECUTE,122,US,NETRUN,ROOT,Graph 9: token_ar1_cl4096_1_of_4
18155397494,EXECUTE,8,COUNT,BACKEND,ROOT,Number of HVX threads used
18155397494,EXECUTE,109,US,BACKEND,ROOT,RPC (execute) time
18155397494,EXECUTE,33,US,BACKEND,ROOT,QNN accelerator (execute) time
18155397494,EXECUTE,19,US,BACKEND,ROOT,Accelerator (execute) time
18155397494,EXECUTE,2,US,BACKEND,ROOT,Accelerator (execute excluding wait) time
18155397494,EXECUTE,118,US,BACKEND,ROOT,QNN (execute) time
18155566289,EXECUTE,112,US,NETRUN,ROOT,Graph 9: token_ar1_cl4096_1_of_4
18155566289,EXECUTE,8,COUNT,BACKEND,ROOT,Number of HVX threads used
18155566289,EXECUTE,102,US,BACKEND,ROOT,RPC (execute) time
18155566289,EXECUTE,32,US,BACKEND,ROOT,QNN accelerator (execute) time
18155566289,EXECUTE,19,US,BACKEND,ROOT,Accelerator (execute) time
18155566289,EXECUTE,2,US,BACKEND,ROOT,Accelerator (execute excluding wait) time
18155566289,EXECUTE,110,US,BACKEND,ROOT,QNN (execute) time
18155592159,EXECUTE IPS,56.709221,INF/SEC,NETRUN,ROOT,null
