input log file location, C:\Users\hotschmoe\Documents\GitHub\specula\results\qualcomm_dissect\prof\clean2\qnn-profiling-data_0.log
qnn-profile-viewer version, v2.45.40.260406130939
qnn-net-run version, v2.45.40.260406130939
Backend version, v2.45.40.260406130939
Msg Timestamp, Message, Time, Unit of Measurement, Timing Source, Event Level, Event Identifier
17992056542,INIT,1504405,US,NETRUN,ROOT,null
17992056542,INIT,722748,US,BACKEND,ROOT,RPC (load binary) time
17992056542,INIT,692817,US,BACKEND,ROOT,QNN accelerator (load binary) time
17992056542,INIT,55248,US,BACKEND,ROOT,Accelerator (load binary) time
17992056542,INIT,56019,US,BACKEND,ROOT,Accelerator (load binary) time
17992056542,INIT,53979,US,BACKEND,ROOT,Accelerator (load binary) time
17992056542,INIT,54846,US,BACKEND,ROOT,Accelerator (load binary) time
17992056542,INIT,64059,US,BACKEND,ROOT,Accelerator (load binary) time
17992056542,INIT,56135,US,BACKEND,ROOT,Accelerator (load binary) time
17992056542,INIT,84328,US,BACKEND,ROOT,Accelerator (load binary) time
17992056542,INIT,70712,US,BACKEND,ROOT,Accelerator (load binary) time
17992056542,INIT,101614,US,BACKEND,ROOT,Accelerator (load binary) time
17992056542,INIT,92401,US,BACKEND,ROOT,Accelerator (load binary) time
17992056542,INIT,1504373,US,BACKEND,ROOT,QNN (load binary) time
0,COMPOSE GRAPHS,0,US,NETRUN,ROOT,null
18015074960,DE-INIT,606212,US,NETRUN,ROOT,null
18015074960,DE-INIT,1676,US,BACKEND,ROOT,RPC (deinit) time
18015074960,DE-INIT,1442,US,BACKEND,ROOT,QNN Accelerator (deinit) time
18015074960,DE-INIT,217,US,BACKEND,ROOT,Accelerator (deinit) time
18015074960,DE-INIT,88,US,BACKEND,ROOT,Accelerator (deinit) time
18015074960,DE-INIT,93,US,BACKEND,ROOT,Accelerator (deinit) time
18015074960,DE-INIT,82,US,BACKEND,ROOT,Accelerator (deinit) time
18015074960,DE-INIT,85,US,BACKEND,ROOT,Accelerator (deinit) time
18015074960,DE-INIT,85,US,BACKEND,ROOT,Accelerator (deinit) time
18015074960,DE-INIT,86,US,BACKEND,ROOT,Accelerator (deinit) time
18015074960,DE-INIT,87,US,BACKEND,ROOT,Accelerator (deinit) time
18015074960,DE-INIT,82,US,BACKEND,ROOT,Accelerator (deinit) time
18015074960,DE-INIT,494,US,BACKEND,ROOT,Accelerator (deinit) time
18015074960,DE-INIT,606179,US,BACKEND,ROOT,QNN (deinit) time
17992257015,EXECUTE,13399,US,NETRUN,ROOT,Graph 0: prompt_ar128_cl512_2_of_4
17992257015,EXECUTE,8,COUNT,BACKEND,ROOT,Number of HVX threads used
17992257015,EXECUTE,13297,US,BACKEND,ROOT,RPC (execute) time
17992257015,EXECUTE,12413,US,BACKEND,ROOT,QNN accelerator (execute) time
17992257015,EXECUTE,12179,US,BACKEND,ROOT,Accelerator (execute) time
17992257015,EXECUTE,11599,US,BACKEND,ROOT,Accelerator (execute excluding wait) time
17992257015,EXECUTE,13375,US,BACKEND,ROOT,QNN (execute) time
17996456069,EXECUTE,12313,US,NETRUN,ROOT,Graph 0: prompt_ar128_cl512_2_of_4
17996456069,EXECUTE,8,COUNT,BACKEND,ROOT,Number of HVX threads used
17996456069,EXECUTE,12250,US,BACKEND,ROOT,RPC (execute) time
17996456069,EXECUTE,11942,US,BACKEND,ROOT,QNN accelerator (execute) time
17996456069,EXECUTE,11757,US,BACKEND,ROOT,Accelerator (execute) time
17996456069,EXECUTE,11661,US,BACKEND,ROOT,Accelerator (execute excluding wait) time
17996456069,EXECUTE,12305,US,BACKEND,ROOT,QNN (execute) time
17998879737,EXECUTE,12331,US,NETRUN,ROOT,Graph 0: prompt_ar128_cl512_2_of_4
17998879737,EXECUTE,8,COUNT,BACKEND,ROOT,Number of HVX threads used
17998879737,EXECUTE,12249,US,BACKEND,ROOT,RPC (execute) time
17998879737,EXECUTE,11919,US,BACKEND,ROOT,QNN accelerator (execute) time
17998879737,EXECUTE,11737,US,BACKEND,ROOT,Accelerator (execute) time
17998879737,EXECUTE,11648,US,BACKEND,ROOT,Accelerator (execute excluding wait) time
17998879737,EXECUTE,12316,US,BACKEND,ROOT,QNN (execute) time
18000886066,EXECUTE,12391,US,NETRUN,ROOT,Graph 0: prompt_ar128_cl512_2_of_4
18000886066,EXECUTE,8,COUNT,BACKEND,ROOT,Number of HVX threads used
18000886066,EXECUTE,12318,US,BACKEND,ROOT,RPC (execute) time
18000886066,EXECUTE,11939,US,BACKEND,ROOT,QNN accelerator (execute) time
18000886066,EXECUTE,11752,US,BACKEND,ROOT,Accelerator (execute) time
18000886066,EXECUTE,11654,US,BACKEND,ROOT,Accelerator (execute excluding wait) time
18000886066,EXECUTE,12377,US,BACKEND,ROOT,QNN (execute) time
18002802201,EXECUTE,12064,US,NETRUN,ROOT,Graph 0: prompt_ar128_cl512_2_of_4
18002802201,EXECUTE,8,COUNT,BACKEND,ROOT,Number of HVX threads used
18002802201,EXECUTE,12006,US,BACKEND,ROOT,RPC (execute) time
18002802201,EXECUTE,11890,US,BACKEND,ROOT,QNN accelerator (execute) time
18002802201,EXECUTE,11720,US,BACKEND,ROOT,Accelerator (execute) time
18002802201,EXECUTE,11627,US,BACKEND,ROOT,Accelerator (execute excluding wait) time
18002802201,EXECUTE,12058,US,BACKEND,ROOT,QNN (execute) time
18004720438,EXECUTE,12263,US,NETRUN,ROOT,Graph 0: prompt_ar128_cl512_2_of_4
18004720438,EXECUTE,8,COUNT,BACKEND,ROOT,Number of HVX threads used
18004720438,EXECUTE,12203,US,BACKEND,ROOT,RPC (execute) time
18004720438,EXECUTE,11895,US,BACKEND,ROOT,QNN accelerator (execute) time
18004720438,EXECUTE,11710,US,BACKEND,ROOT,Accelerator (execute) time
18004720438,EXECUTE,11616,US,BACKEND,ROOT,Accelerator (execute excluding wait) time
18004720438,EXECUTE,12253,US,BACKEND,ROOT,QNN (execute) time
18006639396,EXECUTE,12483,US,NETRUN,ROOT,Graph 0: prompt_ar128_cl512_2_of_4
18006639396,EXECUTE,8,COUNT,BACKEND,ROOT,Number of HVX threads used
18006639396,EXECUTE,12415,US,BACKEND,ROOT,RPC (execute) time
18006639396,EXECUTE,12041,US,BACKEND,ROOT,QNN accelerator (execute) time
18006639396,EXECUTE,11842,US,BACKEND,ROOT,Accelerator (execute) time
18006639396,EXECUTE,11743,US,BACKEND,ROOT,Accelerator (execute excluding wait) time
18006639396,EXECUTE,12474,US,BACKEND,ROOT,QNN (execute) time
18008539001,EXECUTE,12316,US,NETRUN,ROOT,Graph 0: prompt_ar128_cl512_2_of_4
18008539001,EXECUTE,8,COUNT,BACKEND,ROOT,Number of HVX threads used
18008539001,EXECUTE,12250,US,BACKEND,ROOT,RPC (execute) time
18008539001,EXECUTE,11953,US,BACKEND,ROOT,QNN accelerator (execute) time
18008539001,EXECUTE,11771,US,BACKEND,ROOT,Accelerator (execute) time
18008539001,EXECUTE,11672,US,BACKEND,ROOT,Accelerator (execute excluding wait) time
18008539001,EXECUTE,12305,US,BACKEND,ROOT,QNN (execute) time
18010448788,EXECUTE,12289,US,NETRUN,ROOT,Graph 0: prompt_ar128_cl512_2_of_4
18010448788,EXECUTE,8,COUNT,BACKEND,ROOT,Number of HVX threads used
18010448788,EXECUTE,12227,US,BACKEND,ROOT,RPC (execute) time
18010448788,EXECUTE,11930,US,BACKEND,ROOT,QNN accelerator (execute) time
18010448788,EXECUTE,11747,US,BACKEND,ROOT,Accelerator (execute) time
18010448788,EXECUTE,11651,US,BACKEND,ROOT,Accelerator (execute excluding wait) time
18010448788,EXECUTE,12279,US,BACKEND,ROOT,QNN (execute) time
18012362705,EXECUTE,12313,US,NETRUN,ROOT,Graph 0: prompt_ar128_cl512_2_of_4
18012362705,EXECUTE,8,COUNT,BACKEND,ROOT,Number of HVX threads used
18012362705,EXECUTE,12252,US,BACKEND,ROOT,RPC (execute) time
18012362705,EXECUTE,11967,US,BACKEND,ROOT,QNN accelerator (execute) time
18012362705,EXECUTE,11786,US,BACKEND,ROOT,Accelerator (execute) time
18012362705,EXECUTE,11686,US,BACKEND,ROOT,Accelerator (execute excluding wait) time
18012362705,EXECUTE,12302,US,BACKEND,ROOT,QNN (execute) time
17992765474,EXECUTE,7174,US,NETRUN,ROOT,Graph 1: token_ar1_cl512_2_of_4
17992765474,EXECUTE,8,COUNT,BACKEND,ROOT,Number of HVX threads used
17992765474,EXECUTE,7106,US,BACKEND,ROOT,RPC (execute) time
17992765474,EXECUTE,6963,US,BACKEND,ROOT,QNN accelerator (execute) time
17992765474,EXECUTE,6783,US,BACKEND,ROOT,Accelerator (execute) time
17992765474,EXECUTE,6668,US,BACKEND,ROOT,Accelerator (execute excluding wait) time
17992765474,EXECUTE,7163,US,BACKEND,ROOT,QNN (execute) time
17997041814,EXECUTE,7703,US,NETRUN,ROOT,Graph 1: token_ar1_cl512_2_of_4
17997041814,EXECUTE,8,COUNT,BACKEND,ROOT,Number of HVX threads used
17997041814,EXECUTE,7645,US,BACKEND,ROOT,RPC (execute) time
17997041814,EXECUTE,7326,US,BACKEND,ROOT,QNN accelerator (execute) time
17997041814,EXECUTE,7152,US,BACKEND,ROOT,Accelerator (execute) time
17997041814,EXECUTE,6719,US,BACKEND,ROOT,Accelerator (execute excluding wait) time
17997041814,EXECUTE,7693,US,BACKEND,ROOT,QNN (execute) time
17999300433,EXECUTE,7298,US,NETRUN,ROOT,Graph 1: token_ar1_cl512_2_of_4
17999300433,EXECUTE,8,COUNT,BACKEND,ROOT,Number of HVX threads used
17999300433,EXECUTE,7235,US,BACKEND,ROOT,RPC (execute) time
17999300433,EXECUTE,6980,US,BACKEND,ROOT,QNN accelerator (execute) time
17999300433,EXECUTE,6798,US,BACKEND,ROOT,Accelerator (execute) time
17999300433,EXECUTE,6703,US,BACKEND,ROOT,Accelerator (execute excluding wait) time
17999300433,EXECUTE,7287,US,BACKEND,ROOT,QNN (execute) time
18001207268,EXECUTE,7687,US,NETRUN,ROOT,Graph 1: token_ar1_cl512_2_of_4
18001207268,EXECUTE,8,COUNT,BACKEND,ROOT,Number of HVX threads used
18001207268,EXECUTE,7619,US,BACKEND,ROOT,RPC (execute) time
18001207268,EXECUTE,7351,US,BACKEND,ROOT,QNN accelerator (execute) time
18001207268,EXECUTE,7162,US,BACKEND,ROOT,Accelerator (execute) time
18001207268,EXECUTE,6709,US,BACKEND,ROOT,Accelerator (execute excluding wait) time
18001207268,EXECUTE,7675,US,BACKEND,ROOT,QNN (execute) time
18003121330,EXECUTE,7307,US,NETRUN,ROOT,Graph 1: token_ar1_cl512_2_of_4
18003121330,EXECUTE,8,COUNT,BACKEND,ROOT,Number of HVX threads used
18003121330,EXECUTE,7231,US,BACKEND,ROOT,RPC (execute) time
18003121330,EXECUTE,6985,US,BACKEND,ROOT,QNN accelerator (execute) time
18003121330,EXECUTE,6805,US,BACKEND,ROOT,Accelerator (execute) time
18003121330,EXECUTE,6701,US,BACKEND,ROOT,Accelerator (execute excluding wait) time
18003121330,EXECUTE,7292,US,BACKEND,ROOT,QNN (execute) time
18005040354,EXECUTE,7685,US,NETRUN,ROOT,Graph 1: token_ar1_cl512_2_of_4
18005040354,EXECUTE,8,COUNT,BACKEND,ROOT,Number of HVX threads used
18005040354,EXECUTE,7626,US,BACKEND,ROOT,RPC (execute) time
18005040354,EXECUTE,7332,US,BACKEND,ROOT,QNN accelerator (execute) time
18005040354,EXECUTE,7151,US,BACKEND,ROOT,Accelerator (execute) time
18005040354,EXECUTE,6692,US,BACKEND,ROOT,Accelerator (execute excluding wait) time
18005040354,EXECUTE,7675,US,BACKEND,ROOT,QNN (execute) time
18006957419,EXECUTE,7333,US,NETRUN,ROOT,Graph 1: token_ar1_cl512_2_of_4
18006957419,EXECUTE,8,COUNT,BACKEND,ROOT,Number of HVX threads used
18006957419,EXECUTE,7257,US,BACKEND,ROOT,RPC (execute) time
18006957419,EXECUTE,6952,US,BACKEND,ROOT,QNN accelerator (execute) time
18006957419,EXECUTE,6776,US,BACKEND,ROOT,Accelerator (execute) time
18006957419,EXECUTE,6677,US,BACKEND,ROOT,Accelerator (execute excluding wait) time
18006957419,EXECUTE,7318,US,BACKEND,ROOT,QNN (execute) time
18008864604,EXECUTE,7677,US,NETRUN,ROOT,Graph 1: token_ar1_cl512_2_of_4
18008864604,EXECUTE,8,COUNT,BACKEND,ROOT,Number of HVX threads used
18008864604,EXECUTE,7616,US,BACKEND,ROOT,RPC (execute) time
18008864604,EXECUTE,7373,US,BACKEND,ROOT,QNN accelerator (execute) time
18008864604,EXECUTE,7187,US,BACKEND,ROOT,Accelerator (execute) time
18008864604,EXECUTE,6735,US,BACKEND,ROOT,Accelerator (execute excluding wait) time
18008864604,EXECUTE,7665,US,BACKEND,ROOT,QNN (execute) time
18010770598,EXECUTE,7261,US,NETRUN,ROOT,Graph 1: token_ar1_cl512_2_of_4
18010770598,EXECUTE,8,COUNT,BACKEND,ROOT,Number of HVX threads used
18010770598,EXECUTE,7201,US,BACKEND,ROOT,RPC (execute) time
18010770598,EXECUTE,6956,US,BACKEND,ROOT,QNN accelerator (execute) time
18010770598,EXECUTE,6775,US,BACKEND,ROOT,Accelerator (execute) time
18010770598,EXECUTE,6668,US,BACKEND,ROOT,Accelerator (execute excluding wait) time
18010770598,EXECUTE,7249,US,BACKEND,ROOT,QNN (execute) time
18012683872,EXECUTE,7703,US,NETRUN,ROOT,Graph 1: token_ar1_cl512_2_of_4
18012683872,EXECUTE,8,COUNT,BACKEND,ROOT,Number of HVX threads used
18012683872,EXECUTE,7613,US,BACKEND,ROOT,RPC (execute) time
18012683872,EXECUTE,7311,US,BACKEND,ROOT,QNN accelerator (execute) time
18012683872,EXECUTE,7131,US,BACKEND,ROOT,Accelerator (execute) time
18012683872,EXECUTE,6677,US,BACKEND,ROOT,Accelerator (execute excluding wait) time
18012683872,EXECUTE,7689,US,BACKEND,ROOT,QNN (execute) time
17992951985,EXECUTE,13538,US,NETRUN,ROOT,Graph 2: prompt_ar128_cl1024_2_of_4
17992951985,EXECUTE,8,COUNT,BACKEND,ROOT,Number of HVX threads used
17992951985,EXECUTE,13452,US,BACKEND,ROOT,RPC (execute) time
17992951985,EXECUTE,13026,US,BACKEND,ROOT,QNN accelerator (execute) time
17992951985,EXECUTE,12843,US,BACKEND,ROOT,Accelerator (execute) time
17992951985,EXECUTE,12391,US,BACKEND,ROOT,Accelerator (execute excluding wait) time
17992951985,EXECUTE,13522,US,BACKEND,ROOT,QNN (execute) time
17997074099,EXECUTE,13106,US,NETRUN,ROOT,Graph 2: prompt_ar128_cl1024_2_of_4
17997074099,EXECUTE,8,COUNT,BACKEND,ROOT,Number of HVX threads used
17997074099,EXECUTE,13043,US,BACKEND,ROOT,RPC (execute) time
17997074099,EXECUTE,12721,US,BACKEND,ROOT,QNN accelerator (execute) time
17997074099,EXECUTE,12538,US,BACKEND,ROOT,Accelerator (execute) time
17997074099,EXECUTE,12438,US,BACKEND,ROOT,Accelerator (execute excluding wait) time
17997074099,EXECUTE,13096,US,BACKEND,ROOT,QNN (execute) time
17999332519,EXECUTE,13176,US,NETRUN,ROOT,Graph 2: prompt_ar128_cl1024_2_of_4
17999332519,EXECUTE,8,COUNT,BACKEND,ROOT,Number of HVX threads used
17999332519,EXECUTE,12997,US,BACKEND,ROOT,RPC (execute) time
17999332519,EXECUTE,12676,US,BACKEND,ROOT,QNN accelerator (execute) time
17999332519,EXECUTE,12495,US,BACKEND,ROOT,Accelerator (execute) time
17999332519,EXECUTE,12398,US,BACKEND,ROOT,Accelerator (execute excluding wait) time
17999332519,EXECUTE,13163,US,BACKEND,ROOT,QNN (execute) time
18001239428,EXECUTE,12864,US,NETRUN,ROOT,Graph 2: prompt_ar128_cl1024_2_of_4
18001239428,EXECUTE,8,COUNT,BACKEND,ROOT,Number of HVX threads used
18001239428,EXECUTE,12798,US,BACKEND,ROOT,RPC (execute) time
18001239428,EXECUTE,12677,US,BACKEND,ROOT,QNN accelerator (execute) time
18001239428,EXECUTE,12496,US,BACKEND,ROOT,Accelerator (execute) time
18001239428,EXECUTE,12394,US,BACKEND,ROOT,Accelerator (execute excluding wait) time
18001239428,EXECUTE,12853,US,BACKEND,ROOT,QNN (execute) time
18003155646,EXECUTE,13131,US,NETRUN,ROOT,Graph 2: prompt_ar128_cl1024_2_of_4
18003155646,EXECUTE,8,COUNT,BACKEND,ROOT,Number of HVX threads used
18003155646,EXECUTE,13058,US,BACKEND,ROOT,RPC (execute) time
18003155646,EXECUTE,12697,US,BACKEND,ROOT,QNN accelerator (execute) time
18003155646,EXECUTE,12517,US,BACKEND,ROOT,Accelerator (execute) time
18003155646,EXECUTE,12416,US,BACKEND,ROOT,Accelerator (execute excluding wait) time
18003155646,EXECUTE,13121,US,BACKEND,ROOT,QNN (execute) time
18005073032,EXECUTE,13082,US,NETRUN,ROOT,Graph 2: prompt_ar128_cl1024_2_of_4
18005073032,EXECUTE,8,COUNT,BACKEND,ROOT,Number of HVX threads used
18005073032,EXECUTE,13015,US,BACKEND,ROOT,RPC (execute) time
18005073032,EXECUTE,12633,US,BACKEND,ROOT,QNN accelerator (execute) time
18005073032,EXECUTE,12451,US,BACKEND,ROOT,Accelerator (execute) time
18005073032,EXECUTE,12353,US,BACKEND,ROOT,Accelerator (execute excluding wait) time
18005073032,EXECUTE,13070,US,BACKEND,ROOT,QNN (execute) time
18006991356,EXECUTE,13069,US,NETRUN,ROOT,Graph 2: prompt_ar128_cl1024_2_of_4
18006991356,EXECUTE,8,COUNT,BACKEND,ROOT,Number of HVX threads used
18006991356,EXECUTE,12997,US,BACKEND,ROOT,RPC (execute) time
18006991356,EXECUTE,12678,US,BACKEND,ROOT,QNN accelerator (execute) time
18006991356,EXECUTE,12493,US,BACKEND,ROOT,Accelerator (execute) time
18006991356,EXECUTE,12393,US,BACKEND,ROOT,Accelerator (execute excluding wait) time
18006991356,EXECUTE,13055,US,BACKEND,ROOT,QNN (execute) time
18008896936,EXECUTE,13148,US,NETRUN,ROOT,Graph 2: prompt_ar128_cl1024_2_of_4
18008896936,EXECUTE,8,COUNT,BACKEND,ROOT,Number of HVX threads used
18008896936,EXECUTE,13078,US,BACKEND,ROOT,RPC (execute) time
18008896936,EXECUTE,12689,US,BACKEND,ROOT,QNN accelerator (execute) time
18008896936,EXECUTE,12504,US,BACKEND,ROOT,Accelerator (execute) time
18008896936,EXECUTE,12402,US,BACKEND,ROOT,Accelerator (execute excluding wait) time
18008896936,EXECUTE,13134,US,BACKEND,ROOT,QNN (execute) time
18010801462,EXECUTE,13138,US,NETRUN,ROOT,Graph 2: prompt_ar128_cl1024_2_of_4
18010801462,EXECUTE,8,COUNT,BACKEND,ROOT,Number of HVX threads used
18010801462,EXECUTE,13064,US,BACKEND,ROOT,RPC (execute) time
18010801462,EXECUTE,12665,US,BACKEND,ROOT,QNN accelerator (execute) time
18010801462,EXECUTE,12489,US,BACKEND,ROOT,Accelerator (execute) time
18010801462,EXECUTE,12391,US,BACKEND,ROOT,Accelerator (execute excluding wait) time
18010801462,EXECUTE,13122,US,BACKEND,ROOT,QNN (execute) time
18012718397,EXECUTE,13097,US,NETRUN,ROOT,Graph 2: prompt_ar128_cl1024_2_of_4
18012718397,EXECUTE,8,COUNT,BACKEND,ROOT,Number of HVX threads used
18012718397,EXECUTE,13041,US,BACKEND,ROOT,RPC (execute) time
18012718397,EXECUTE,12721,US,BACKEND,ROOT,QNN accelerator (execute) time
18012718397,EXECUTE,12540,US,BACKEND,ROOT,Accelerator (execute) time
18012718397,EXECUTE,12442,US,BACKEND,ROOT,Accelerator (execute excluding wait) time
18012718397,EXECUTE,13087,US,BACKEND,ROOT,QNN (execute) time
17993435273,EXECUTE,7563,US,NETRUN,ROOT,Graph 3: token_ar1_cl1024_2_of_4
17993435273,EXECUTE,8,COUNT,BACKEND,ROOT,Number of HVX threads used
17993435273,EXECUTE,7501,US,BACKEND,ROOT,RPC (execute) time
17993435273,EXECUTE,7291,US,BACKEND,ROOT,QNN accelerator (execute) time
17993435273,EXECUTE,7110,US,BACKEND,ROOT,Accelerator (execute) time
17993435273,EXECUTE,6996,US,BACKEND,ROOT,Accelerator (execute excluding wait) time
17993435273,EXECUTE,7555,US,BACKEND,ROOT,QNN (execute) time
17997494803,EXECUTE,7691,US,NETRUN,ROOT,Graph 3: token_ar1_cl1024_2_of_4
17997494803,EXECUTE,8,COUNT,BACKEND,ROOT,Number of HVX threads used
17997494803,EXECUTE,7621,US,BACKEND,ROOT,RPC (execute) time
17997494803,EXECUTE,7251,US,BACKEND,ROOT,QNN accelerator (execute) time
17997494803,EXECUTE,7070,US,BACKEND,ROOT,Accelerator (execute) time
17997494803,EXECUTE,6978,US,BACKEND,ROOT,Accelerator (execute excluding wait) time
17997494803,EXECUTE,7679,US,BACKEND,ROOT,QNN (execute) time
17999659782,EXECUTE,8011,US,NETRUN,ROOT,Graph 3: token_ar1_cl1024_2_of_4
17999659782,EXECUTE,8,COUNT,BACKEND,ROOT,Number of HVX threads used
17999659782,EXECUTE,7933,US,BACKEND,ROOT,RPC (execute) time
17999659782,EXECUTE,7637,US,BACKEND,ROOT,QNN accelerator (execute) time
17999659782,EXECUTE,7448,US,BACKEND,ROOT,Accelerator (execute) time
17999659782,EXECUTE,6994,US,BACKEND,ROOT,Accelerator (execute excluding wait) time
17999659782,EXECUTE,7996,US,BACKEND,ROOT,QNN (execute) time
18001566381,EXECUTE,7664,US,NETRUN,ROOT,Graph 3: token_ar1_cl1024_2_of_4
18001566381,EXECUTE,8,COUNT,BACKEND,ROOT,Number of HVX threads used
18001566381,EXECUTE,7611,US,BACKEND,ROOT,RPC (execute) time
18001566381,EXECUTE,7288,US,BACKEND,ROOT,QNN accelerator (execute) time
18001566381,EXECUTE,7108,US,BACKEND,ROOT,Accelerator (execute) time
18001566381,EXECUTE,7007,US,BACKEND,ROOT,Accelerator (execute excluding wait) time
18001566381,EXECUTE,7655,US,BACKEND,ROOT,QNN (execute) time
18003480060,EXECUTE,8042,US,NETRUN,ROOT,Graph 3: token_ar1_cl1024_2_of_4
18003480060,EXECUTE,8,COUNT,BACKEND,ROOT,Number of HVX threads used
18003480060,EXECUTE,7976,US,BACKEND,ROOT,RPC (execute) time
18003480060,EXECUTE,7639,US,BACKEND,ROOT,QNN accelerator (execute) time
18003480060,EXECUTE,7455,US,BACKEND,ROOT,Accelerator (execute) time
18003480060,EXECUTE,7009,US,BACKEND,ROOT,Accelerator (execute excluding wait) time
18003480060,EXECUTE,8030,US,BACKEND,ROOT,QNN (execute) time
18005401666,EXECUTE,7634,US,NETRUN,ROOT,Graph 3: token_ar1_cl1024_2_of_4
18005401666,EXECUTE,8,COUNT,BACKEND,ROOT,Number of HVX threads used
18005401666,EXECUTE,7578,US,BACKEND,ROOT,RPC (execute) time
18005401666,EXECUTE,7275,US,BACKEND,ROOT,QNN accelerator (execute) time
18005401666,EXECUTE,7101,US,BACKEND,ROOT,Accelerator (execute) time
18005401666,EXECUTE,6997,US,BACKEND,ROOT,Accelerator (execute excluding wait) time
18005401666,EXECUTE,7623,US,BACKEND,ROOT,QNN (execute) time
18007314953,EXECUTE,7988,US,NETRUN,ROOT,Graph 3: token_ar1_cl1024_2_of_4
18007314953,EXECUTE,8,COUNT,BACKEND,ROOT,Number of HVX threads used
18007314953,EXECUTE,7929,US,BACKEND,ROOT,RPC (execute) time
18007314953,EXECUTE,7662,US,BACKEND,ROOT,QNN accelerator (execute) time
18007314953,EXECUTE,7482,US,BACKEND,ROOT,Accelerator (execute) time
18007314953,EXECUTE,7039,US,BACKEND,ROOT,Accelerator (execute excluding wait) time
18007314953,EXECUTE,7974,US,BACKEND,ROOT,QNN (execute) time
18009222784,EXECUTE,7594,US,NETRUN,ROOT,Graph 3: token_ar1_cl1024_2_of_4
18009222784,EXECUTE,8,COUNT,BACKEND,ROOT,Number of HVX threads used
18009222784,EXECUTE,7530,US,BACKEND,ROOT,RPC (execute) time
18009222784,EXECUTE,7303,US,BACKEND,ROOT,QNN accelerator (execute) time
18009222784,EXECUTE,7121,US,BACKEND,ROOT,Accelerator (execute) time
18009222784,EXECUTE,7016,US,BACKEND,ROOT,Accelerator (execute excluding wait) time
18009222784,EXECUTE,7578,US,BACKEND,ROOT,QNN (execute) time
18011126263,EXECUTE,8053,US,NETRUN,ROOT,Graph 3: token_ar1_cl1024_2_of_4
18011126263,EXECUTE,8,COUNT,BACKEND,ROOT,Number of HVX threads used
18011126263,EXECUTE,7992,US,BACKEND,ROOT,RPC (execute) time
18011126263,EXECUTE,7670,US,BACKEND,ROOT,QNN accelerator (execute) time
18011126263,EXECUTE,7482,US,BACKEND,ROOT,Accelerator (execute) time
18011126263,EXECUTE,7019,US,BACKEND,ROOT,Accelerator (execute excluding wait) time
18011126263,EXECUTE,8041,US,BACKEND,ROOT,QNN (execute) time
18013046071,EXECUTE,7585,US,NETRUN,ROOT,Graph 3: token_ar1_cl1024_2_of_4
18013046071,EXECUTE,8,COUNT,BACKEND,ROOT,Number of HVX threads used
18013046071,EXECUTE,7527,US,BACKEND,ROOT,RPC (execute) time
18013046071,EXECUTE,7254,US,BACKEND,ROOT,QNN accelerator (execute) time
18013046071,EXECUTE,7076,US,BACKEND,ROOT,Accelerator (execute) time
18013046071,EXECUTE,6972,US,BACKEND,ROOT,Accelerator (execute excluding wait) time
18013046071,EXECUTE,7574,US,BACKEND,ROOT,QNN (execute) time
17993709617,EXECUTE,17059,US,NETRUN,ROOT,Graph 4: prompt_ar128_cl2048_2_of_4
17993709617,EXECUTE,8,COUNT,BACKEND,ROOT,Number of HVX threads used
17993709617,EXECUTE,16955,US,BACKEND,ROOT,RPC (execute) time
17993709617,EXECUTE,16492,US,BACKEND,ROOT,QNN accelerator (execute) time
17993709617,EXECUTE,16301,US,BACKEND,ROOT,Accelerator (execute) time
17993709617,EXECUTE,15851,US,BACKEND,ROOT,Accelerator (execute excluding wait) time
17993709617,EXECUTE,17035,US,BACKEND,ROOT,QNN (execute) time
17997531724,EXECUTE,16405,US,NETRUN,ROOT,Graph 4: prompt_ar128_cl2048_2_of_4
17997531724,EXECUTE,8,COUNT,BACKEND,ROOT,Number of HVX threads used
17997531724,EXECUTE,16323,US,BACKEND,ROOT,RPC (execute) time
17997531724,EXECUTE,15938,US,BACKEND,ROOT,QNN accelerator (execute) time
17997531724,EXECUTE,15753,US,BACKEND,ROOT,Accelerator (execute) time
17997531724,EXECUTE,15666,US,BACKEND,ROOT,Accelerator (execute excluding wait) time
17997531724,EXECUTE,16394,US,BACKEND,ROOT,QNN (execute) time
17999698381,EXECUTE,16527,US,NETRUN,ROOT,Graph 4: prompt_ar128_cl2048_2_of_4
17999698381,EXECUTE,8,COUNT,BACKEND,ROOT,Number of HVX threads used
17999698381,EXECUTE,16449,US,BACKEND,ROOT,RPC (execute) time
17999698381,EXECUTE,16114,US,BACKEND,ROOT,QNN accelerator (execute) time
17999698381,EXECUTE,15933,US,BACKEND,ROOT,Accelerator (execute) time
17999698381,EXECUTE,15826,US,BACKEND,ROOT,Accelerator (execute excluding wait) time
17999698381,EXECUTE,16513,US,BACKEND,ROOT,QNN (execute) time
18001603152,EXECUTE,16682,US,NETRUN,ROOT,Graph 4: prompt_ar128_cl2048_2_of_4
18001603152,EXECUTE,8,COUNT,BACKEND,ROOT,Number of HVX threads used
18001603152,EXECUTE,16609,US,BACKEND,ROOT,RPC (execute) time
18001603152,EXECUTE,16157,US,BACKEND,ROOT,QNN accelerator (execute) time
18001603152,EXECUTE,15954,US,BACKEND,ROOT,Accelerator (execute) time
18001603152,EXECUTE,15850,US,BACKEND,ROOT,Accelerator (execute excluding wait) time
18001603152,EXECUTE,16669,US,BACKEND,ROOT,QNN (execute) time
18003516923,EXECUTE,16567,US,NETRUN,ROOT,Graph 4: prompt_ar128_cl2048_2_of_4
18003516923,EXECUTE,8,COUNT,BACKEND,ROOT,Number of HVX threads used
18003516923,EXECUTE,16501,US,BACKEND,ROOT,RPC (execute) time
18003516923,EXECUTE,16113,US,BACKEND,ROOT,QNN accelerator (execute) time
18003516923,EXECUTE,15934,US,BACKEND,ROOT,Accelerator (execute) time
18003516923,EXECUTE,15833,US,BACKEND,ROOT,Accelerator (execute excluding wait) time
18003516923,EXECUTE,16555,US,BACKEND,ROOT,QNN (execute) time
18005437128,EXECUTE,16414,US,NETRUN,ROOT,Graph 4: prompt_ar128_cl2048_2_of_4
18005437128,EXECUTE,8,COUNT,BACKEND,ROOT,Number of HVX threads used
18005437128,EXECUTE,16350,US,BACKEND,ROOT,RPC (execute) time
18005437128,EXECUTE,16007,US,BACKEND,ROOT,QNN accelerator (execute) time
18005437128,EXECUTE,15829,US,BACKEND,ROOT,Accelerator (execute) time
18005437128,EXECUTE,15734,US,BACKEND,ROOT,Accelerator (execute excluding wait) time
18005437128,EXECUTE,16403,US,BACKEND,ROOT,QNN (execute) time
18007352556,EXECUTE,16479,US,NETRUN,ROOT,Graph 4: prompt_ar128_cl2048_2_of_4
18007352556,EXECUTE,8,COUNT,BACKEND,ROOT,Number of HVX threads used
18007352556,EXECUTE,16422,US,BACKEND,ROOT,RPC (execute) time
18007352556,EXECUTE,16075,US,BACKEND,ROOT,QNN accelerator (execute) time
18007352556,EXECUTE,15894,US,BACKEND,ROOT,Accelerator (execute) time
18007352556,EXECUTE,15785,US,BACKEND,ROOT,Accelerator (execute excluding wait) time
18007352556,EXECUTE,16468,US,BACKEND,ROOT,QNN (execute) time
18009258894,EXECUTE,16533,US,NETRUN,ROOT,Graph 4: prompt_ar128_cl2048_2_of_4
18009258894,EXECUTE,8,COUNT,BACKEND,ROOT,Number of HVX threads used
18009258894,EXECUTE,16461,US,BACKEND,ROOT,RPC (execute) time
18009258894,EXECUTE,16042,US,BACKEND,ROOT,QNN accelerator (execute) time
18009258894,EXECUTE,15866,US,BACKEND,ROOT,Accelerator (execute) time
18009258894,EXECUTE,15765,US,BACKEND,ROOT,Accelerator (execute excluding wait) time
18009258894,EXECUTE,16521,US,BACKEND,ROOT,QNN (execute) time
18011163095,EXECUTE,16442,US,NETRUN,ROOT,Graph 4: prompt_ar128_cl2048_2_of_4
18011163095,EXECUTE,8,COUNT,BACKEND,ROOT,Number of HVX threads used
18011163095,EXECUTE,16384,US,BACKEND,ROOT,RPC (execute) time
18011163095,EXECUTE,16044,US,BACKEND,ROOT,QNN accelerator (execute) time
18011163095,EXECUTE,15862,US,BACKEND,ROOT,Accelerator (execute) time
18011163095,EXECUTE,15765,US,BACKEND,ROOT,Accelerator (execute excluding wait) time
18011163095,EXECUTE,16431,US,BACKEND,ROOT,QNN (execute) time
18013088000,EXECUTE,16560,US,NETRUN,ROOT,Graph 4: prompt_ar128_cl2048_2_of_4
18013088000,EXECUTE,8,COUNT,BACKEND,ROOT,Number of HVX threads used
18013088000,EXECUTE,16496,US,BACKEND,ROOT,RPC (execute) time
18013088000,EXECUTE,15982,US,BACKEND,ROOT,QNN accelerator (execute) time
18013088000,EXECUTE,15800,US,BACKEND,ROOT,Accelerator (execute) time
18013088000,EXECUTE,15699,US,BACKEND,ROOT,Accelerator (execute excluding wait) time
18013088000,EXECUTE,16549,US,BACKEND,ROOT,QNN (execute) time
17994388877,EXECUTE,8488,US,NETRUN,ROOT,Graph 5: token_ar1_cl2048_2_of_4
17994388877,EXECUTE,8,COUNT,BACKEND,ROOT,Number of HVX threads used
17994388877,EXECUTE,8417,US,BACKEND,ROOT,RPC (execute) time
17994388877,EXECUTE,8188,US,BACKEND,ROOT,QNN accelerator (execute) time
17994388877,EXECUTE,8008,US,BACKEND,ROOT,Accelerator (execute) time
17994388877,EXECUTE,7564,US,BACKEND,ROOT,Accelerator (execute excluding wait) time
17994388877,EXECUTE,8477,US,BACKEND,ROOT,QNN (execute) time
17997950018,EXECUTE,8514,US,NETRUN,ROOT,Graph 5: token_ar1_cl2048_2_of_4
17997950018,EXECUTE,8,COUNT,BACKEND,ROOT,Number of HVX threads used
17997950018,EXECUTE,8454,US,BACKEND,ROOT,RPC (execute) time
17997950018,EXECUTE,8152,US,BACKEND,ROOT,QNN accelerator (execute) time
17997950018,EXECUTE,7971,US,BACKEND,ROOT,Accelerator (execute) time
17997950018,EXECUTE,7511,US,BACKEND,ROOT,Accelerator (execute excluding wait) time
17997950018,EXECUTE,8503,US,BACKEND,ROOT,QNN (execute) time
18000029606,EXECUTE,8048,US,NETRUN,ROOT,Graph 5: token_ar1_cl2048_2_of_4
18000029606,EXECUTE,8,COUNT,BACKEND,ROOT,Number of HVX threads used
18000029606,EXECUTE,7986,US,BACKEND,ROOT,RPC (execute) time
18000029606,EXECUTE,7758,US,BACKEND,ROOT,QNN accelerator (execute) time
18000029606,EXECUTE,7575,US,BACKEND,ROOT,Accelerator (execute) time
18000029606,EXECUTE,7470,US,BACKEND,ROOT,Accelerator (execute excluding wait) time
18000029606,EXECUTE,8037,US,BACKEND,ROOT,QNN (execute) time
18001937393,EXECUTE,8458,US,NETRUN,ROOT,Graph 5: token_ar1_cl2048_2_of_4
18001937393,EXECUTE,8,COUNT,BACKEND,ROOT,Number of HVX threads used
18001937393,EXECUTE,8396,US,BACKEND,ROOT,RPC (execute) time
18001937393,EXECUTE,8151,US,BACKEND,ROOT,QNN accelerator (execute) time
18001937393,EXECUTE,7964,US,BACKEND,ROOT,Accelerator (execute) time
18001937393,EXECUTE,7523,US,BACKEND,ROOT,Accelerator (execute excluding wait) time
18001937393,EXECUTE,8447,US,BACKEND,ROOT,QNN (execute) time
18003858279,EXECUTE,8163,US,NETRUN,ROOT,Graph 5: token_ar1_cl2048_2_of_4
18003858279,EXECUTE,8,COUNT,BACKEND,ROOT,Number of HVX threads used
18003858279,EXECUTE,8104,US,BACKEND,ROOT,RPC (execute) time
18003858279,EXECUTE,7808,US,BACKEND,ROOT,QNN accelerator (execute) time
18003858279,EXECUTE,7624,US,BACKEND,ROOT,Accelerator (execute) time
18003858279,EXECUTE,7519,US,BACKEND,ROOT,Accelerator (execute excluding wait) time
18003858279,EXECUTE,8152,US,BACKEND,ROOT,QNN (execute) time
18005773853,EXECUTE,8445,US,NETRUN,ROOT,Graph 5: token_ar1_cl2048_2_of_4
18005773853,EXECUTE,8,COUNT,BACKEND,ROOT,Number of HVX threads used
18005773853,EXECUTE,8387,US,BACKEND,ROOT,RPC (execute) time
18005773853,EXECUTE,8149,US,BACKEND,ROOT,QNN accelerator (execute) time
18005773853,EXECUTE,7966,US,BACKEND,ROOT,Accelerator (execute) time
18005773853,EXECUTE,7514,US,BACKEND,ROOT,Accelerator (execute excluding wait) time
18005773853,EXECUTE,8434,US,BACKEND,ROOT,QNN (execute) time
18007685992,EXECUTE,8101,US,NETRUN,ROOT,Graph 5: token_ar1_cl2048_2_of_4
18007685992,EXECUTE,8,COUNT,BACKEND,ROOT,Number of HVX threads used
18007685992,EXECUTE,8021,US,BACKEND,ROOT,RPC (execute) time
18007685992,EXECUTE,7795,US,BACKEND,ROOT,QNN accelerator (execute) time
18007685992,EXECUTE,7614,US,BACKEND,ROOT,Accelerator (execute) time
18007685992,EXECUTE,7512,US,BACKEND,ROOT,Accelerator (execute excluding wait) time
18007685992,EXECUTE,8085,US,BACKEND,ROOT,QNN (execute) time
18009590014,EXECUTE,8485,US,NETRUN,ROOT,Graph 5: token_ar1_cl2048_2_of_4
18009590014,EXECUTE,8,COUNT,BACKEND,ROOT,Number of HVX threads used
18009590014,EXECUTE,8422,US,BACKEND,ROOT,RPC (execute) time
18009590014,EXECUTE,8130,US,BACKEND,ROOT,QNN accelerator (execute) time
18009590014,EXECUTE,7945,US,BACKEND,ROOT,Accelerator (execute) time
18009590014,EXECUTE,7490,US,BACKEND,ROOT,Accelerator (execute excluding wait) time
18009590014,EXECUTE,8474,US,BACKEND,ROOT,QNN (execute) time
18011507376,EXECUTE,8149,US,NETRUN,ROOT,Graph 5: token_ar1_cl2048_2_of_4
18011507376,EXECUTE,8,COUNT,BACKEND,ROOT,Number of HVX threads used
18011507376,EXECUTE,8089,US,BACKEND,ROOT,RPC (execute) time
18011507376,EXECUTE,7797,US,BACKEND,ROOT,QNN accelerator (execute) time
18011507376,EXECUTE,7611,US,BACKEND,ROOT,Accelerator (execute) time
18011507376,EXECUTE,7514,US,BACKEND,ROOT,Accelerator (execute excluding wait) time
18011507376,EXECUTE,8138,US,BACKEND,ROOT,QNN (execute) time
18013418946,EXECUTE,8515,US,NETRUN,ROOT,Graph 5: token_ar1_cl2048_2_of_4
18013418946,EXECUTE,8,COUNT,BACKEND,ROOT,Number of HVX threads used
18013418946,EXECUTE,8443,US,BACKEND,ROOT,RPC (execute) time
18013418946,EXECUTE,8154,US,BACKEND,ROOT,QNN accelerator (execute) time
18013418946,EXECUTE,7960,US,BACKEND,ROOT,Accelerator (execute) time
18013418946,EXECUTE,7491,US,BACKEND,ROOT,Accelerator (execute excluding wait) time
18013418946,EXECUTE,8501,US,BACKEND,ROOT,QNN (execute) time
17994697218,EXECUTE,21495,US,NETRUN,ROOT,Graph 6: prompt_ar128_cl3072_2_of_4
17994697218,EXECUTE,8,COUNT,BACKEND,ROOT,Number of HVX threads used
17994697218,EXECUTE,21407,US,BACKEND,ROOT,RPC (execute) time
17994697218,EXECUTE,21013,US,BACKEND,ROOT,QNN accelerator (execute) time
17994697218,EXECUTE,20834,US,BACKEND,ROOT,Accelerator (execute) time
17994697218,EXECUTE,20718,US,BACKEND,ROOT,Accelerator (execute excluding wait) time
17994697218,EXECUTE,21479,US,BACKEND,ROOT,QNN (execute) time
17998006392,EXECUTE,21357,US,NETRUN,ROOT,Graph 6: prompt_ar128_cl3072_2_of_4
17998006392,EXECUTE,8,COUNT,BACKEND,ROOT,Number of HVX threads used
17998006392,EXECUTE,21287,US,BACKEND,ROOT,RPC (execute) time
17998006392,EXECUTE,20969,US,BACKEND,ROOT,QNN accelerator (execute) time
17998006392,EXECUTE,20788,US,BACKEND,ROOT,Accelerator (execute) time
17998006392,EXECUTE,20690,US,BACKEND,ROOT,Accelerator (execute excluding wait) time
17998006392,EXECUTE,21343,US,BACKEND,ROOT,QNN (execute) time
18000087370,EXECUTE,21835,US,NETRUN,ROOT,Graph 6: prompt_ar128_cl3072_2_of_4
18000087370,EXECUTE,8,COUNT,BACKEND,ROOT,Number of HVX threads used
18000087370,EXECUTE,21747,US,BACKEND,ROOT,RPC (execute) time
18000087370,EXECUTE,21139,US,BACKEND,ROOT,QNN accelerator (execute) time
18000087370,EXECUTE,20958,US,BACKEND,ROOT,Accelerator (execute) time
18000087370,EXECUTE,20854,US,BACKEND,ROOT,Accelerator (execute excluding wait) time
18000087370,EXECUTE,21818,US,BACKEND,ROOT,QNN (execute) time
18001994601,EXECUTE,21468,US,NETRUN,ROOT,Graph 6: prompt_ar128_cl3072_2_of_4
18001994601,EXECUTE,8,COUNT,BACKEND,ROOT,Number of HVX threads used
18001994601,EXECUTE,21390,US,BACKEND,ROOT,RPC (execute) time
18001994601,EXECUTE,20879,US,BACKEND,ROOT,QNN accelerator (execute) time
18001994601,EXECUTE,20695,US,BACKEND,ROOT,Accelerator (execute) time
18001994601,EXECUTE,20584,US,BACKEND,ROOT,Accelerator (execute excluding wait) time
18001994601,EXECUTE,21450,US,BACKEND,ROOT,QNN (execute) time
18003915248,EXECUTE,21328,US,NETRUN,ROOT,Graph 6: prompt_ar128_cl3072_2_of_4
18003915248,EXECUTE,8,COUNT,BACKEND,ROOT,Number of HVX threads used
18003915248,EXECUTE,21239,US,BACKEND,ROOT,RPC (execute) time
18003915248,EXECUTE,20852,US,BACKEND,ROOT,QNN accelerator (execute) time
18003915248,EXECUTE,20665,US,BACKEND,ROOT,Accelerator (execute) time
18003915248,EXECUTE,20562,US,BACKEND,ROOT,Accelerator (execute excluding wait) time
18003915248,EXECUTE,21309,US,BACKEND,ROOT,QNN (execute) time
18005832200,EXECUTE,23255,US,NETRUN,ROOT,Graph 6: prompt_ar128_cl3072_2_of_4
18005832200,EXECUTE,8,COUNT,BACKEND,ROOT,Number of HVX threads used
18005832200,EXECUTE,23156,US,BACKEND,ROOT,RPC (execute) time
18005832200,EXECUTE,21058,US,BACKEND,ROOT,QNN accelerator (execute) time
18005832200,EXECUTE,20873,US,BACKEND,ROOT,Accelerator (execute) time
18005832200,EXECUTE,20767,US,BACKEND,ROOT,Accelerator (execute excluding wait) time
18005832200,EXECUTE,23237,US,BACKEND,ROOT,QNN (execute) time
18007743947,EXECUTE,21532,US,NETRUN,ROOT,Graph 6: prompt_ar128_cl3072_2_of_4
18007743947,EXECUTE,8,COUNT,BACKEND,ROOT,Number of HVX threads used
18007743947,EXECUTE,21457,US,BACKEND,ROOT,RPC (execute) time
18007743947,EXECUTE,21124,US,BACKEND,ROOT,QNN accelerator (execute) time
18007743947,EXECUTE,20936,US,BACKEND,ROOT,Accelerator (execute) time
18007743947,EXECUTE,20824,US,BACKEND,ROOT,Accelerator (execute excluding wait) time
18007743947,EXECUTE,21517,US,BACKEND,ROOT,QNN (execute) time
18009658035,EXECUTE,21622,US,NETRUN,ROOT,Graph 6: prompt_ar128_cl3072_2_of_4
18009658035,EXECUTE,8,COUNT,BACKEND,ROOT,Number of HVX threads used
18009658035,EXECUTE,21551,US,BACKEND,ROOT,RPC (execute) time
18009658035,EXECUTE,21081,US,BACKEND,ROOT,QNN accelerator (execute) time
18009658035,EXECUTE,20898,US,BACKEND,ROOT,Accelerator (execute) time
18009658035,EXECUTE,20785,US,BACKEND,ROOT,Accelerator (execute excluding wait) time
18009658035,EXECUTE,21608,US,BACKEND,ROOT,QNN (execute) time
18011563730,EXECUTE,21680,US,NETRUN,ROOT,Graph 6: prompt_ar128_cl3072_2_of_4
18011563730,EXECUTE,8,COUNT,BACKEND,ROOT,Number of HVX threads used
18011563730,EXECUTE,21614,US,BACKEND,ROOT,RPC (execute) time
18011563730,EXECUTE,21178,US,BACKEND,ROOT,QNN accelerator (execute) time
18011563730,EXECUTE,20992,US,BACKEND,ROOT,Accelerator (execute) time
18011563730,EXECUTE,20884,US,BACKEND,ROOT,Accelerator (execute excluding wait) time
18011563730,EXECUTE,21668,US,BACKEND,ROOT,QNN (execute) time
18013475599,EXECUTE,21580,US,NETRUN,ROOT,Graph 6: prompt_ar128_cl3072_2_of_4
18013475599,EXECUTE,8,COUNT,BACKEND,ROOT,Number of HVX threads used
18013475599,EXECUTE,21498,US,BACKEND,ROOT,RPC (execute) time
18013475599,EXECUTE,21068,US,BACKEND,ROOT,QNN accelerator (execute) time
18013475599,EXECUTE,20887,US,BACKEND,ROOT,Accelerator (execute) time
18013475599,EXECUTE,20781,US,BACKEND,ROOT,Accelerator (execute excluding wait) time
18013475599,EXECUTE,21567,US,BACKEND,ROOT,QNN (execute) time
17995362097,EXECUTE,9428,US,NETRUN,ROOT,Graph 7: token_ar1_cl3072_2_of_4
17995362097,EXECUTE,8,COUNT,BACKEND,ROOT,Number of HVX threads used
17995362097,EXECUTE,9359,US,BACKEND,ROOT,RPC (execute) time
17995362097,EXECUTE,9135,US,BACKEND,ROOT,QNN accelerator (execute) time
17995362097,EXECUTE,8954,US,BACKEND,ROOT,Accelerator (execute) time
17995362097,EXECUTE,8485,US,BACKEND,ROOT,Accelerator (execute excluding wait) time
17995362097,EXECUTE,9415,US,BACKEND,ROOT,QNN (execute) time
17998350126,EXECUTE,8964,US,NETRUN,ROOT,Graph 7: token_ar1_cl3072_2_of_4
17998350126,EXECUTE,8,COUNT,BACKEND,ROOT,Number of HVX threads used
17998350126,EXECUTE,8904,US,BACKEND,ROOT,RPC (execute) time
17998350126,EXECUTE,8656,US,BACKEND,ROOT,QNN accelerator (execute) time
17998350126,EXECUTE,8477,US,BACKEND,ROOT,Accelerator (execute) time
17998350126,EXECUTE,8386,US,BACKEND,ROOT,Accelerator (execute excluding wait) time
17998350126,EXECUTE,8953,US,BACKEND,ROOT,QNN (execute) time
18000433280,EXECUTE,9531,US,NETRUN,ROOT,Graph 7: token_ar1_cl3072_2_of_4
18000433280,EXECUTE,8,COUNT,BACKEND,ROOT,Number of HVX threads used
18000433280,EXECUTE,9471,US,BACKEND,ROOT,RPC (execute) time
18000433280,EXECUTE,9141,US,BACKEND,ROOT,QNN accelerator (execute) time
18000433280,EXECUTE,8964,US,BACKEND,ROOT,Accelerator (execute) time
18000433280,EXECUTE,8507,US,BACKEND,ROOT,Accelerator (execute excluding wait) time
18000433280,EXECUTE,9519,US,BACKEND,ROOT,QNN (execute) time
18002354371,EXECUTE,9101,US,NETRUN,ROOT,Graph 7: token_ar1_cl3072_2_of_4
18002354371,EXECUTE,8,COUNT,BACKEND,ROOT,Number of HVX threads used
18002354371,EXECUTE,9039,US,BACKEND,ROOT,RPC (execute) time
18002354371,EXECUTE,8754,US,BACKEND,ROOT,QNN accelerator (execute) time
18002354371,EXECUTE,8569,US,BACKEND,ROOT,Accelerator (execute) time
18002354371,EXECUTE,8472,US,BACKEND,ROOT,Accelerator (execute excluding wait) time
18002354371,EXECUTE,9089,US,BACKEND,ROOT,QNN (execute) time
18004259003,EXECUTE,9492,US,NETRUN,ROOT,Graph 7: token_ar1_cl3072_2_of_4
18004259003,EXECUTE,8,COUNT,BACKEND,ROOT,Number of HVX threads used
18004259003,EXECUTE,9433,US,BACKEND,ROOT,RPC (execute) time
18004259003,EXECUTE,9078,US,BACKEND,ROOT,QNN accelerator (execute) time
18004259003,EXECUTE,8898,US,BACKEND,ROOT,Accelerator (execute) time
18004259003,EXECUTE,8445,US,BACKEND,ROOT,Accelerator (execute excluding wait) time
18004259003,EXECUTE,9480,US,BACKEND,ROOT,QNN (execute) time
18006187707,EXECUTE,9045,US,NETRUN,ROOT,Graph 7: token_ar1_cl3072_2_of_4
18006187707,EXECUTE,8,COUNT,BACKEND,ROOT,Number of HVX threads used
18006187707,EXECUTE,8986,US,BACKEND,ROOT,RPC (execute) time
18006187707,EXECUTE,8748,US,BACKEND,ROOT,QNN accelerator (execute) time
18006187707,EXECUTE,8565,US,BACKEND,ROOT,Accelerator (execute) time
18006187707,EXECUTE,8463,US,BACKEND,ROOT,Accelerator (execute excluding wait) time
18006187707,EXECUTE,9034,US,BACKEND,ROOT,QNN (execute) time
18008092607,EXECUTE,9463,US,NETRUN,ROOT,Graph 7: token_ar1_cl3072_2_of_4
18008092607,EXECUTE,8,COUNT,BACKEND,ROOT,Number of HVX threads used
18008092607,EXECUTE,9383,US,BACKEND,ROOT,RPC (execute) time
18008092607,EXECUTE,9092,US,BACKEND,ROOT,QNN accelerator (execute) time
18008092607,EXECUTE,8898,US,BACKEND,ROOT,Accelerator (execute) time
18008092607,EXECUTE,8451,US,BACKEND,ROOT,Accelerator (execute excluding wait) time
18008092607,EXECUTE,9445,US,BACKEND,ROOT,QNN (execute) time
18010005721,EXECUTE,9091,US,NETRUN,ROOT,Graph 7: token_ar1_cl3072_2_of_4
18010005721,EXECUTE,8,COUNT,BACKEND,ROOT,Number of HVX threads used
18010005721,EXECUTE,9017,US,BACKEND,ROOT,RPC (execute) time
18010005721,EXECUTE,8722,US,BACKEND,ROOT,QNN accelerator (execute) time
18010005721,EXECUTE,8537,US,BACKEND,ROOT,Accelerator (execute) time
18010005721,EXECUTE,8436,US,BACKEND,ROOT,Accelerator (execute excluding wait) time
18010005721,EXECUTE,9075,US,BACKEND,ROOT,QNN (execute) time
18011912649,EXECUTE,9435,US,NETRUN,ROOT,Graph 7: token_ar1_cl3072_2_of_4
18011912649,EXECUTE,8,COUNT,BACKEND,ROOT,Number of HVX threads used
18011912649,EXECUTE,9358,US,BACKEND,ROOT,RPC (execute) time
18011912649,EXECUTE,9118,US,BACKEND,ROOT,QNN accelerator (execute) time
18011912649,EXECUTE,8935,US,BACKEND,ROOT,Accelerator (execute) time
18011912649,EXECUTE,8479,US,BACKEND,ROOT,Accelerator (execute excluding wait) time
18011912649,EXECUTE,9420,US,BACKEND,ROOT,QNN (execute) time
18013814524,EXECUTE,9077,US,NETRUN,ROOT,Graph 7: token_ar1_cl3072_2_of_4
18013814524,EXECUTE,8,COUNT,BACKEND,ROOT,Number of HVX threads used
18013814524,EXECUTE,9019,US,BACKEND,ROOT,RPC (execute) time
18013814524,EXECUTE,8733,US,BACKEND,ROOT,QNN accelerator (execute) time
18013814524,EXECUTE,8550,US,BACKEND,ROOT,Accelerator (execute) time
18013814524,EXECUTE,8448,US,BACKEND,ROOT,Accelerator (execute excluding wait) time
18013814524,EXECUTE,9066,US,BACKEND,ROOT,QNN (execute) time
17995701024,EXECUTE,21990,US,NETRUN,ROOT,Graph 8: prompt_ar128_cl4096_2_of_4
17995701024,EXECUTE,8,COUNT,BACKEND,ROOT,Number of HVX threads used
17995701024,EXECUTE,21898,US,BACKEND,ROOT,RPC (execute) time
17995701024,EXECUTE,21427,US,BACKEND,ROOT,QNN accelerator (execute) time
17995701024,EXECUTE,21247,US,BACKEND,ROOT,Accelerator (execute) time
17995701024,EXECUTE,21122,US,BACKEND,ROOT,Accelerator (execute excluding wait) time
17995701024,EXECUTE,21974,US,BACKEND,ROOT,QNN (execute) time
17998417230,EXECUTE,22089,US,NETRUN,ROOT,Graph 8: prompt_ar128_cl4096_2_of_4
17998417230,EXECUTE,8,COUNT,BACKEND,ROOT,Number of HVX threads used
17998417230,EXECUTE,21996,US,BACKEND,ROOT,RPC (execute) time
17998417230,EXECUTE,21348,US,BACKEND,ROOT,QNN accelerator (execute) time
17998417230,EXECUTE,21168,US,BACKEND,ROOT,Accelerator (execute) time
17998417230,EXECUTE,21061,US,BACKEND,ROOT,Accelerator (execute excluding wait) time
17998417230,EXECUTE,22072,US,BACKEND,ROOT,QNN (execute) time
18000498856,EXECUTE,21866,US,NETRUN,ROOT,Graph 8: prompt_ar128_cl4096_2_of_4
18000498856,EXECUTE,8,COUNT,BACKEND,ROOT,Number of HVX threads used
18000498856,EXECUTE,21817,US,BACKEND,ROOT,RPC (execute) time
18000498856,EXECUTE,21276,US,BACKEND,ROOT,QNN accelerator (execute) time
18000498856,EXECUTE,21096,US,BACKEND,ROOT,Accelerator (execute) time
18000498856,EXECUTE,20978,US,BACKEND,ROOT,Accelerator (execute excluding wait) time
18000498856,EXECUTE,21859,US,BACKEND,ROOT,QNN (execute) time
18002421159,EXECUTE,21821,US,NETRUN,ROOT,Graph 8: prompt_ar128_cl4096_2_of_4
18002421159,EXECUTE,8,COUNT,BACKEND,ROOT,Number of HVX threads used
18002421159,EXECUTE,21760,US,BACKEND,ROOT,RPC (execute) time
18002421159,EXECUTE,21307,US,BACKEND,ROOT,QNN accelerator (execute) time
18002421159,EXECUTE,21117,US,BACKEND,ROOT,Accelerator (execute) time
18002421159,EXECUTE,21011,US,BACKEND,ROOT,Accelerator (execute excluding wait) time
18002421159,EXECUTE,21810,US,BACKEND,ROOT,QNN (execute) time
18004326612,EXECUTE,21940,US,NETRUN,ROOT,Graph 8: prompt_ar128_cl4096_2_of_4
18004326612,EXECUTE,8,COUNT,BACKEND,ROOT,Number of HVX threads used
18004326612,EXECUTE,21886,US,BACKEND,ROOT,RPC (execute) time
18004326612,EXECUTE,21241,US,BACKEND,ROOT,QNN accelerator (execute) time
18004326612,EXECUTE,21062,US,BACKEND,ROOT,Accelerator (execute) time
18004326612,EXECUTE,20957,US,BACKEND,ROOT,Accelerator (execute excluding wait) time
18004326612,EXECUTE,21931,US,BACKEND,ROOT,QNN (execute) time
18006252020,EXECUTE,21586,US,NETRUN,ROOT,Graph 8: prompt_ar128_cl4096_2_of_4
18006252020,EXECUTE,8,COUNT,BACKEND,ROOT,Number of HVX threads used
18006252020,EXECUTE,21510,US,BACKEND,ROOT,RPC (execute) time
18006252020,EXECUTE,21119,US,BACKEND,ROOT,QNN accelerator (execute) time
18006252020,EXECUTE,20931,US,BACKEND,ROOT,Accelerator (execute) time
18006252020,EXECUTE,20821,US,BACKEND,ROOT,Accelerator (execute excluding wait) time
18006252020,EXECUTE,21571,US,BACKEND,ROOT,QNN (execute) time
18008157128,EXECUTE,21760,US,NETRUN,ROOT,Graph 8: prompt_ar128_cl4096_2_of_4
18008157128,EXECUTE,8,COUNT,BACKEND,ROOT,Number of HVX threads used
18008157128,EXECUTE,21694,US,BACKEND,ROOT,RPC (execute) time
18008157128,EXECUTE,21284,US,BACKEND,ROOT,QNN accelerator (execute) time
18008157128,EXECUTE,21082,US,BACKEND,ROOT,Accelerator (execute) time
18008157128,EXECUTE,20969,US,BACKEND,ROOT,Accelerator (execute excluding wait) time
18008157128,EXECUTE,21749,US,BACKEND,ROOT,QNN (execute) time
18010071720,EXECUTE,21703,US,NETRUN,ROOT,Graph 8: prompt_ar128_cl4096_2_of_4
18010071720,EXECUTE,8,COUNT,BACKEND,ROOT,Number of HVX threads used
18010071720,EXECUTE,21632,US,BACKEND,ROOT,RPC (execute) time
18010071720,EXECUTE,21285,US,BACKEND,ROOT,QNN accelerator (execute) time
18010071720,EXECUTE,21099,US,BACKEND,ROOT,Accelerator (execute) time
18010071720,EXECUTE,20995,US,BACKEND,ROOT,Accelerator (execute excluding wait) time
18010071720,EXECUTE,21689,US,BACKEND,ROOT,QNN (execute) time
18011978154,EXECUTE,21617,US,NETRUN,ROOT,Graph 8: prompt_ar128_cl4096_2_of_4
18011978154,EXECUTE,8,COUNT,BACKEND,ROOT,Number of HVX threads used
18011978154,EXECUTE,21544,US,BACKEND,ROOT,RPC (execute) time
18011978154,EXECUTE,21079,US,BACKEND,ROOT,QNN accelerator (execute) time
18011978154,EXECUTE,20896,US,BACKEND,ROOT,Accelerator (execute) time
18011978154,EXECUTE,20789,US,BACKEND,ROOT,Accelerator (execute excluding wait) time
18011978154,EXECUTE,21606,US,BACKEND,ROOT,QNN (execute) time
18013879715,EXECUTE,21757,US,NETRUN,ROOT,Graph 8: prompt_ar128_cl4096_2_of_4
18013879715,EXECUTE,8,COUNT,BACKEND,ROOT,Number of HVX threads used
18013879715,EXECUTE,21670,US,BACKEND,ROOT,RPC (execute) time
18013879715,EXECUTE,21308,US,BACKEND,ROOT,QNN accelerator (execute) time
18013879715,EXECUTE,21117,US,BACKEND,ROOT,Accelerator (execute) time
18013879715,EXECUTE,21009,US,BACKEND,ROOT,Accelerator (execute excluding wait) time
18013879715,EXECUTE,21741,US,BACKEND,ROOT,QNN (execute) time
17996414357,EXECUTE,10763,US,NETRUN,ROOT,Graph 9: token_ar1_cl4096_2_of_4
17996414357,EXECUTE,8,COUNT,BACKEND,ROOT,Number of HVX threads used
17996414357,EXECUTE,10688,US,BACKEND,ROOT,RPC (execute) time
17996414357,EXECUTE,10296,US,BACKEND,ROOT,QNN accelerator (execute) time
17996414357,EXECUTE,10123,US,BACKEND,ROOT,Accelerator (execute) time
17996414357,EXECUTE,9646,US,BACKEND,ROOT,Accelerator (execute excluding wait) time
17996414357,EXECUTE,10751,US,BACKEND,ROOT,QNN (execute) time
17998851204,EXECUTE,10853,US,NETRUN,ROOT,Graph 9: token_ar1_cl4096_2_of_4
17998851204,EXECUTE,8,COUNT,BACKEND,ROOT,Number of HVX threads used
17998851204,EXECUTE,10770,US,BACKEND,ROOT,RPC (execute) time
17998851204,EXECUTE,10317,US,BACKEND,ROOT,QNN accelerator (execute) time
17998851204,EXECUTE,10132,US,BACKEND,ROOT,Accelerator (execute) time
17998851204,EXECUTE,9680,US,BACKEND,ROOT,Accelerator (execute excluding wait) time
17998851204,EXECUTE,10835,US,BACKEND,ROOT,QNN (execute) time
18000856897,EXECUTE,10566,US,NETRUN,ROOT,Graph 9: token_ar1_cl4096_2_of_4
18000856897,EXECUTE,8,COUNT,BACKEND,ROOT,Number of HVX threads used
18000856897,EXECUTE,10510,US,BACKEND,ROOT,RPC (execute) time
18000856897,EXECUTE,10064,US,BACKEND,ROOT,QNN accelerator (execute) time
18000856897,EXECUTE,9879,US,BACKEND,ROOT,Accelerator (execute) time
18000856897,EXECUTE,9772,US,BACKEND,ROOT,Accelerator (execute excluding wait) time
18000856897,EXECUTE,10556,US,BACKEND,ROOT,QNN (execute) time
18002776513,EXECUTE,10861,US,NETRUN,ROOT,Graph 9: token_ar1_cl4096_2_of_4
18002776513,EXECUTE,8,COUNT,BACKEND,ROOT,Number of HVX threads used
18002776513,EXECUTE,10785,US,BACKEND,ROOT,RPC (execute) time
18002776513,EXECUTE,10321,US,BACKEND,ROOT,QNN accelerator (execute) time
18002776513,EXECUTE,10137,US,BACKEND,ROOT,Accelerator (execute) time
18002776513,EXECUTE,9678,US,BACKEND,ROOT,Accelerator (execute excluding wait) time
18002776513,EXECUTE,10845,US,BACKEND,ROOT,QNN (execute) time
18004694102,EXECUTE,10400,US,NETRUN,ROOT,Graph 9: token_ar1_cl4096_2_of_4
18004694102,EXECUTE,8,COUNT,BACKEND,ROOT,Number of HVX threads used
18004694102,EXECUTE,10337,US,BACKEND,ROOT,RPC (execute) time
18004694102,EXECUTE,9952,US,BACKEND,ROOT,QNN accelerator (execute) time
18004694102,EXECUTE,9770,US,BACKEND,ROOT,Accelerator (execute) time
18004694102,EXECUTE,9666,US,BACKEND,ROOT,Accelerator (execute excluding wait) time
18004694102,EXECUTE,10391,US,BACKEND,ROOT,QNN (execute) time
18006612728,EXECUTE,10983,US,NETRUN,ROOT,Graph 9: token_ar1_cl4096_2_of_4
18006612728,EXECUTE,8,COUNT,BACKEND,ROOT,Number of HVX threads used
18006612728,EXECUTE,10910,US,BACKEND,ROOT,RPC (execute) time
18006612728,EXECUTE,10386,US,BACKEND,ROOT,QNN accelerator (execute) time
18006612728,EXECUTE,10197,US,BACKEND,ROOT,Accelerator (execute) time
18006612728,EXECUTE,9720,US,BACKEND,ROOT,Accelerator (execute excluding wait) time
18006612728,EXECUTE,10972,US,BACKEND,ROOT,QNN (execute) time
18008513152,EXECUTE,10470,US,NETRUN,ROOT,Graph 9: token_ar1_cl4096_2_of_4
18008513152,EXECUTE,8,COUNT,BACKEND,ROOT,Number of HVX threads used
18008513152,EXECUTE,10396,US,BACKEND,ROOT,RPC (execute) time
18008513152,EXECUTE,9985,US,BACKEND,ROOT,QNN accelerator (execute) time
18008513152,EXECUTE,9801,US,BACKEND,ROOT,Accelerator (execute) time
18008513152,EXECUTE,9698,US,BACKEND,ROOT,Accelerator (execute excluding wait) time
18008513152,EXECUTE,10455,US,BACKEND,ROOT,QNN (execute) time
18010421603,EXECUTE,10749,US,NETRUN,ROOT,Graph 9: token_ar1_cl4096_2_of_4
18010421603,EXECUTE,8,COUNT,BACKEND,ROOT,Number of HVX threads used
18010421603,EXECUTE,10678,US,BACKEND,ROOT,RPC (execute) time
18010421603,EXECUTE,10290,US,BACKEND,ROOT,QNN accelerator (execute) time
18010421603,EXECUTE,10105,US,BACKEND,ROOT,Accelerator (execute) time
18010421603,EXECUTE,9650,US,BACKEND,ROOT,Accelerator (execute excluding wait) time
18010421603,EXECUTE,10737,US,BACKEND,ROOT,QNN (execute) time
18012334919,EXECUTE,10456,US,NETRUN,ROOT,Graph 9: token_ar1_cl4096_2_of_4
18012334919,EXECUTE,8,COUNT,BACKEND,ROOT,Number of HVX threads used
18012334919,EXECUTE,10398,US,BACKEND,ROOT,RPC (execute) time
18012334919,EXECUTE,9922,US,BACKEND,ROOT,QNN accelerator (execute) time
18012334919,EXECUTE,9734,US,BACKEND,ROOT,Accelerator (execute) time
18012334919,EXECUTE,9629,US,BACKEND,ROOT,Accelerator (execute excluding wait) time
18012334919,EXECUTE,10446,US,BACKEND,ROOT,QNN (execute) time
18014232191,EXECUTE,10768,US,NETRUN,ROOT,Graph 9: token_ar1_cl4096_2_of_4
18014232191,EXECUTE,8,COUNT,BACKEND,ROOT,Number of HVX threads used
18014232191,EXECUTE,10693,US,BACKEND,ROOT,RPC (execute) time
18014232191,EXECUTE,10236,US,BACKEND,ROOT,QNN accelerator (execute) time
18014232191,EXECUTE,10063,US,BACKEND,ROOT,Accelerator (execute) time
18014232191,EXECUTE,9609,US,BACKEND,ROOT,Accelerator (execute excluding wait) time
18014232191,EXECUTE,10751,US,BACKEND,ROOT,QNN (execute) time
18014467931,EXECUTE IPS,4.511573,INF/SEC,NETRUN,ROOT,null
